payoff,network,strategy,barC,chi_bar,smax_bar,absorbed,absorb_state,t_absorb,n_steps_executed,cluster_samples_json,cluster_sizes_window_json,strategy_short
beta_0.00,Grid_6x6,ImitationStrategy,0.2777777777777778,,,True,allD,2,2,"[{""t"": 1, ""sizes"": [19, 1]}]",[],Imitate
beta_0.00,Grid_6x6,ImitationStrategy,0.2638888888888889,,,True,allD,2,2,"[{""t"": 1, ""sizes"": [3, 1, 1, 1, 13]}]",[],Imitate
beta_0.00,Grid_6x6,ImitationStrategy,0.3611111111111111,,,True,allD,2,2,"[{""t"": 1, ""sizes"": [26]}]",[],Imitate
beta_0.00,Grid_6x6,ImitationStrategy,0.2222222222222222,,,True,allD,2,2,"[{""t"": 1, ""sizes"": [1, 3, 1, 6, 1, 1, 3]}]",[],Imitate
beta_0.00,Grid_6x6,ImitationStrategy,0.3055555555555556,,,True,allD,2,2,"[{""t"": 1, ""sizes"": [22]}]",[],Imitate
beta_0.00,Grid_6x6,ImitationStrategy,0.2222222222222222,,,True,allD,2,2,"[{""t"": 1, ""sizes"": [3, 12, 1]}]",[],Imitate
beta_0.00,Grid_6x6,ImitationStrategy,0.2916666666666667,,,True,allD,2,2,"[{""t"": 1, ""sizes"": [4, 13, 3, 1]}]",[],Imitate
beta_0.00,Grid_6x6,ImitationStrategy,0.25,,,True,allD,2,2,"[{""t"": 1, ""sizes"": [17, 1]}]",[],Imitate
beta_0.00,Grid_6x6,ImitationStrategy,0.2222222222222222,,,True,allD,2,2,"[{""t"": 1, ""sizes"": [1, 6, 8, 1]}]",[],Imitate
beta_0.00,Grid_6x6,ImitationStrategy,0.19444444444444445,,,True,allD,2,2,"[{""t"": 1, ""sizes"": [5, 5, 1, 1, 1, 1]}]",[],Imitate
beta_0.00,ER_k4,ImitationStrategy,0.2361111111111111,,,True,allD,2,2,"[{""t"": 1, ""sizes"": [3, 10, 2, 1, 1]}]",[],Imitate
beta_0.00,ER_k4,ImitationStrategy,0.05555555555555557,0.0,0.027777777777777787,False,,1000,1000,"[{""t"": 1, ""sizes"": [1, 17, 2, 1, 1, 1, 1]}, {""t"": 51, ""sizes"": [1, 1]}, {""t"": 101, ""sizes"": [1, 1]}, {""t"": 151, ""sizes"": [1, 1]}, {""t"": 201, ""sizes"": [1, 1]}, {""t"": 251, ""sizes"": [1, 1]}, {""t"": 301, ""sizes"": [1, 1]}, {""t"": 351, ""sizes"": [1, 1]}, {""t"": 401, ""sizes"": [1, 1]}, {""t"": 451, ""sizes"": [1, 1]}, {""t"": 501, ""sizes"": [1, 1]}, {""t"": 551, ""sizes"": [1, 1]}, {""t"": 601, ""sizes"": [1, 1]}, {""t"": 651, ""sizes"": [1, 1]}, {""t"": 701, ""sizes"": [1, 1]}, {""t"": 751, ""sizes"": [1, 1]}, {""t"": 801, ""sizes"": [1, 1]}, {""t"": 851, ""sizes"": [1, 1]}, {""t"": 901, ""sizes"": [1, 1]}, {""t"": 951, ""sizes"": [1, 1]}]","[1, 1, 1, 1, 1, 1, 1, 1, 1, 1, 1, 1, 1, 1, 1, 1, 1, 1, 1, 1]",Imitate
beta_0.00,ER_k4,ImitationStrategy,0.027777777777777787,0.0,0.027777777777777787,False,,1000,1000,"[{""t"": 1, ""sizes"": [11, 1, 1, 1, 1, 1, 1, 1, 1, 1]}, {""t"": 51, ""sizes"": [1]}, {""t"": 101, ""sizes"": [1]}, {""t"": 151, ""sizes"": [1]}, {""t"": 201, ""sizes"": [1]}, {""t"": 251, ""sizes"": [1]}, {""t"": 301, ""sizes"": [1]}, {""t"": 351, ""sizes"": [1]}, {""t"": 401, ""sizes"": [1]}, {""t"": 451, ""sizes"": [1]}, {""t"": 501, ""sizes"": [1]}, {""t"": 551, ""sizes"": [1]}, {""t"": 601, ""sizes"": [1]}, {""t"": 651, ""sizes"": [1]}, {""t"": 701, ""sizes"": [1]}, {""t"": 751, ""sizes"": [1]}, {""t"": 801, ""sizes"": [1]}, {""t"": 851, ""sizes"": [1]}, {""t"": 901, ""sizes"": [1]}, {""t"": 951, ""sizes"": [1]}]","[1, 1, 1, 1, 1, 1, 1, 1, 1, 1]",Imitate
beta_0.00,ER_k4,ImitationStrategy,0.027777777777777787,0.0,0.027777777777777787,False,,1000,1000,"[{""t"": 1, ""sizes"": [1, 7, 1, 2, 1, 1, 1, 1]}, {""t"": 51, ""sizes"": [1]}, {""t"": 101, ""sizes"": [1]}, {""t"": 151, ""sizes"": [1]}, {""t"": 201, ""sizes"": [1]}, {""t"": 251, ""sizes"": [1]}, {""t"": 301, ""sizes"": [1]}, {""t"": 351, ""sizes"": [1]}, {""t"": 401, ""sizes"": [1]}, {""t"": 451, ""sizes"": [1]}, {""t"": 501, ""sizes"": [1]}, {""t"": 551, ""sizes"": [1]}, {""t"": 601, ""sizes"": [1]}, {""t"": 651, ""sizes"": [1]}, {""t"": 701, ""sizes"": [1]}, {""t"": 751, ""sizes"": [1]}, {""t"": 801, ""sizes"": [1]}, {""t"": 851, ""sizes"": [1]}, {""t"": 901, ""sizes"": [1]}, {""t"": 951, ""sizes"": [1]}]","[1, 1, 1, 1, 1, 1, 1, 1, 1, 1]",Imitate
beta_0.00,ER_k4,ImitationStrategy,0.25,,,True,allD,2,2,"[{""t"": 1, ""sizes"": [15, 2, 1]}]",[],Imitate
beta_0.00,ER_k4,ImitationStrategy,0.25,,,True,allD,2,2,"[{""t"": 1, ""sizes"": [18]}]",[],Imitate
beta_0.00,ER_k4,ImitationStrategy,0.20833333333333334,,,True,allD,2,2,"[{""t"": 1, ""sizes"": [1, 8, 5, 1]}]",[],Imitate
beta_0.00,ER_k4,ImitationStrategy,0.2777777777777778,,,True,allD,2,2,"[{""t"": 1, ""sizes"": [15, 1, 1, 1, 1, 1]}]",[],Imitate
beta_0.00,ER_k4,ImitationStrategy,0.027777777777777787,0.0,0.027777777777777787,False,,1000,1000,"[{""t"": 1, ""sizes"": [10, 3, 1, 2, 1, 1, 1]}, {""t"": 51, ""sizes"": [1]}, {""t"": 101, ""sizes"": [1]}, {""t"": 151, ""sizes"": [1]}, {""t"": 201, ""sizes"": [1]}, {""t"": 251, ""sizes"": [1]}, {""t"": 301, ""sizes"": [1]}, {""t"": 351, ""sizes"": [1]}, {""t"": 401, ""sizes"": [1]}, {""t"": 451, ""sizes"": [1]}, {""t"": 501, ""sizes"": [1]}, {""t"": 551, ""sizes"": [1]}, {""t"": 601, ""sizes"": [1]}, {""t"": 651, ""sizes"": [1]}, {""t"": 701, ""sizes"": [1]}, {""t"": 751, ""sizes"": [1]}, {""t"": 801, ""sizes"": [1]}, {""t"": 851, ""sizes"": [1]}, {""t"": 901, ""sizes"": [1]}, {""t"": 951, ""sizes"": [1]}]","[1, 1, 1, 1, 1, 1, 1, 1, 1, 1]",Imitate
beta_0.00,ER_k4,ImitationStrategy,0.3055555555555556,,,True,allD,2,2,"[{""t"": 1, ""sizes"": [1, 18, 1, 1, 1]}]",[],Imitate
beta_0.00,WS_k4_p0.1,ImitationStrategy,0.25,,,True,allD,2,2,"[{""t"": 1, ""sizes"": [11, 1, 2, 3, 1]}]",[],Imitate
beta_0.00,WS_k4_p0.1,ImitationStrategy,0.2361111111111111,,,True,allD,2,2,"[{""t"": 1, ""sizes"": [12, 2, 2, 1]}]",[],Imitate
beta_0.00,WS_k4_p0.1,ImitationStrategy,0.2222222222222222,,,True,allD,2,2,"[{""t"": 1, ""sizes"": [1, 9, 1, 4, 1]}]",[],Imitate
beta_0.00,WS_k4_p0.1,ImitationStrategy,0.2777777777777778,,,True,allD,2,2,"[{""t"": 1, ""sizes"": [1, 4, 12, 1, 2]}]",[],Imitate
beta_0.00,WS_k4_p0.1,ImitationStrategy,0.2361111111111111,,,True,allD,2,2,"[{""t"": 1, ""sizes"": [8, 1, 6, 2]}]",[],Imitate
beta_0.00,WS_k4_p0.1,ImitationStrategy,0.25,,,True,allD,2,2,"[{""t"": 1, ""sizes"": [10, 1, 7]}]",[],Imitate
beta_0.00,WS_k4_p0.1,ImitationStrategy,0.2222222222222222,,,True,allD,2,2,"[{""t"": 1, ""sizes"": [4, 2, 3, 2, 3, 2]}]",[],Imitate
beta_0.00,WS_k4_p0.1,ImitationStrategy,0.3055555555555556,,,True,allD,2,2,"[{""t"": 1, ""sizes"": [9, 12, 1]}]",[],Imitate
beta_0.00,WS_k4_p0.1,ImitationStrategy,0.3333333333333333,,,True,allD,2,2,"[{""t"": 1, ""sizes"": [20, 4]}]",[],Imitate
beta_0.00,WS_k4_p0.1,ImitationStrategy,0.19444444444444445,,,True,allD,2,2,"[{""t"": 1, ""sizes"": [14]}]",[],Imitate
beta_0.50,Grid_6x6,ImitationStrategy,0.13333333333333336,,,True,allD,5,5,"[{""t"": 1, ""sizes"": [1, 4, 8, 3, 1]}]",[],Imitate
beta_0.50,Grid_6x6,ImitationStrategy,0.11666666666666667,,,True,allD,5,5,"[{""t"": 1, ""sizes"": [6, 8, 1]}]",[],Imitate
beta_0.50,Grid_6x6,ImitationStrategy,0.16319444444444445,,,True,allD,8,8,"[{""t"": 1, ""sizes"": [22, 3]}]",[],Imitate
beta_0.50,Grid_6x6,ImitationStrategy,0.16666666666666669,,,True,allD,5,5,"[{""t"": 1, ""sizes"": [10, 1, 5, 4, 1]}]",[],Imitate
beta_0.50,Grid_6x6,ImitationStrategy,0.1597222222222222,,,True,allD,4,4,"[{""t"": 1, ""sizes"": [14, 1, 1, 1]}]",[],Imitate
beta_0.50,Grid_6x6,ImitationStrategy,0.1547619047619048,,,True,allD,7,7,"[{""t"": 1, ""sizes"": [2, 20, 1]}]",[],Imitate
beta_0.50,Grid_6x6,ImitationStrategy,0.18055555555555555,,,True,allD,4,4,"[{""t"": 1, ""sizes"": [15, 2, 1, 1]}]",[],Imitate
beta_0.50,Grid_6x6,ImitationStrategy,0.17361111111111113,,,True,allD,4,4,"[{""t"": 1, ""sizes"": [10, 1, 1, 1, 3, 2]}]",[],Imitate
beta_0.50,Grid_6x6,ImitationStrategy,0.15555555555555556,,,True,allD,5,5,"[{""t"": 1, ""sizes"": [17, 1, 1, 1]}]",[],Imitate
beta_0.50,Grid_6x6,ImitationStrategy,0.2222222222222222,,,True,allD,2,2,"[{""t"": 1, ""sizes"": [3, 1, 1, 1, 1, 1, 5, 2, 1]}]",[],Imitate
beta_0.50,ER_k4,ImitationStrategy,0.027777777777777787,0.0,0.027777777777777787,False,,1000,1000,"[{""t"": 1, ""sizes"": [23, 1]}, {""t"": 51, ""sizes"": [1]}, {""t"": 101, ""sizes"": [1]}, {""t"": 151, ""sizes"": [1]}, {""t"": 201, ""sizes"": [1]}, {""t"": 251, ""sizes"": [1]}, {""t"": 301, ""sizes"": [1]}, {""t"": 351, ""sizes"": [1]}, {""t"": 401, ""sizes"": [1]}, {""t"": 451, ""sizes"": [1]}, {""t"": 501, ""sizes"": [1]}, {""t"": 551, ""sizes"": [1]}, {""t"": 601, ""sizes"": [1]}, {""t"": 651, ""sizes"": [1]}, {""t"": 701, ""sizes"": [1]}, {""t"": 751, ""sizes"": [1]}, {""t"": 801, ""sizes"": [1]}, {""t"": 851, ""sizes"": [1]}, {""t"": 901, ""sizes"": [1]}, {""t"": 951, ""sizes"": [1]}]","[1, 1, 1, 1, 1, 1, 1, 1, 1, 1]",Imitate
beta_0.50,ER_k4,ImitationStrategy,0.18055555555555555,,,True,allD,2,2,"[{""t"": 1, ""sizes"": [2, 1, 1, 1, 4, 1, 1, 1, 1]}]",[],Imitate
beta_0.50,ER_k4,ImitationStrategy,0.16666666666666669,,,True,allD,5,5,"[{""t"": 1, ""sizes"": [18, 1, 1]}]",[],Imitate
beta_0.50,ER_k4,ImitationStrategy,0.19444444444444445,,,True,allD,2,2,"[{""t"": 1, ""sizes"": [6, 2, 4, 1, 1]}]",[],Imitate
beta_0.50,ER_k4,ImitationStrategy,0.1388888888888889,,,True,allD,4,4,"[{""t"": 1, ""sizes"": [12, 1, 1, 1]}]",[],Imitate
beta_0.50,ER_k4,ImitationStrategy,0.15555555555555556,,,True,allD,5,5,"[{""t"": 1, ""sizes"": [1, 12, 3, 1, 1, 1]}]",[],Imitate
beta_0.50,ER_k4,ImitationStrategy,0.16666666666666669,,,True,allD,5,5,"[{""t"": 1, ""sizes"": [3, 15, 1, 1, 1, 1]}]",[],Imitate
beta_0.50,ER_k4,ImitationStrategy,0.2638888888888889,,,True,allD,2,2,"[{""t"": 1, ""sizes"": [17, 1, 1]}]",[],Imitate
beta_0.50,ER_k4,ImitationStrategy,0.05811111111111111,0.6,0.04294444444444446,False,,1000,1000,"[{""t"": 1, ""sizes"": [19, 1, 1, 1, 1]}, {""t"": 51, ""sizes"": [2, 1]}, {""t"": 101, ""sizes"": [2, 1]}, {""t"": 151, ""sizes"": [1]}, {""t"": 201, ""sizes"": [1]}, {""t"": 251, ""sizes"": [2, 1]}, {""t"": 301, ""sizes"": [2, 1]}, {""t"": 351, ""sizes"": [2, 1]}, {""t"": 401, ""sizes"": [2, 1]}, {""t"": 451, ""sizes"": [1]}, {""t"": 501, ""sizes"": [1]}, {""t"": 551, ""sizes"": [1]}, {""t"": 601, ""sizes"": [2, 1]}, {""t"": 651, ""sizes"": [2, 1]}, {""t"": 701, ""sizes"": [1]}, {""t"": 751, ""sizes"": [1]}, {""t"": 801, ""sizes"": [2, 1]}, {""t"": 851, ""sizes"": [2, 1]}, {""t"": 901, ""sizes"": [2, 1]}, {""t"": 951, ""sizes"": [2, 1]}]","[1, 1, 2, 1, 2, 1, 1, 1, 2, 1, 2, 1, 2, 1, 2, 1]",Imitate
beta_0.50,ER_k4,ImitationStrategy,0.1111111111111111,,,True,allD,9,9,"[{""t"": 1, ""sizes"": [17, 1, 1, 1]}]",[],Imitate
beta_0.50,WS_k4_p0.1,ImitationStrategy,0.11111111111111112,,,True,allD,7,7,"[{""t"": 1, ""sizes"": [9, 7, 2]}]",[],Imitate
beta_0.50,WS_k4_p0.1,ImitationStrategy,0.2222222222222222,,,True,allD,2,2,"[{""t"": 1, ""sizes"": [7, 3, 1, 3, 1, 1]}]",[],Imitate
beta_0.50,WS_k4_p0.1,ImitationStrategy,0.2222222222222222,,,True,allD,2,2,"[{""t"": 1, ""sizes"": [2, 14]}]",[],Imitate
beta_0.50,WS_k4_p0.1,ImitationStrategy,0.16666666666666666,,,True,allD,2,2,"[{""t"": 1, ""sizes"": [5, 1, 4, 2]}]",[],Imitate
beta_0.50,WS_k4_p0.1,ImitationStrategy,0.11507936507936509,,,True,allD,7,7,"[{""t"": 1, ""sizes"": [9, 7, 3]}]",[],Imitate
beta_0.50,WS_k4_p0.1,ImitationStrategy,0.19444444444444445,,,True,allD,5,5,"[{""t"": 1, ""sizes"": [18, 3]}]",[],Imitate
beta_0.50,WS_k4_p0.1,ImitationStrategy,0.16666666666666669,,,True,allD,5,5,"[{""t"": 1, ""sizes"": [17, 2, 1]}]",[],Imitate
beta_0.50,WS_k4_p0.1,ImitationStrategy,0.19444444444444445,,,True,allD,2,2,"[{""t"": 1, ""sizes"": [2, 1, 2, 4, 5]}]",[],Imitate
beta_0.50,WS_k4_p0.1,ImitationStrategy,0.2638888888888889,,,True,allD,2,2,"[{""t"": 1, ""sizes"": [1, 1, 12, 2, 2, 1]}]",[],Imitate
beta_0.50,WS_k4_p0.1,ImitationStrategy,0.17857142857142858,,,True,allD,7,7,"[{""t"": 1, ""sizes"": [17, 3]}]",[],Imitate
beta_1.00,Grid_6x6,ImitationStrategy,0.19444444444444445,,,True,allD,2,2,"[{""t"": 1, ""sizes"": [4, 5, 4, 1]}]",[],Imitate
beta_1.00,Grid_6x6,ImitationStrategy,0.16071428571428567,,,True,allD,14,14,"[{""t"": 1, ""sizes"": [4, 17]}]",[],Imitate
beta_1.00,Grid_6x6,ImitationStrategy,0.16666666666666666,,,True,allD,13,13,"[{""t"": 1, ""sizes"": [18, 1]}]",[],Imitate
beta_1.00,Grid_6x6,ImitationStrategy,0.2107843137254902,,,True,allD,17,17,"[{""t"": 1, ""sizes"": [6, 12, 2, 2]}]",[],Imitate
beta_1.00,Grid_6x6,ImitationStrategy,0.1412037037037037,,,True,allD,12,12,"[{""t"": 1, ""sizes"": [12, 1, 3, 1]}]",[],Imitate
beta_1.00,Grid_6x6,ImitationStrategy,0.2222222222222222,,,True,allD,2,2,"[{""t"": 1, ""sizes"": [1, 6, 6, 2, 1]}]",[],Imitate
beta_1.00,Grid_6x6,ImitationStrategy,0.2094017094017094,,,True,allD,13,13,"[{""t"": 1, ""sizes"": [13, 1, 8]}]",[],Imitate
beta_1.00,Grid_6x6,ImitationStrategy,0.20833333333333334,,,True,allD,2,2,"[{""t"": 1, ""sizes"": [1, 1, 3, 3, 1, 4, 1, 1]}]",[],Imitate
beta_1.00,Grid_6x6,ImitationStrategy,0.2222222222222222,,,True,allD,2,2,"[{""t"": 1, ""sizes"": [11, 4, 1]}]",[],Imitate
beta_1.00,Grid_6x6,ImitationStrategy,0.1987179487179487,,,True,allD,13,13,"[{""t"": 1, ""sizes"": [6, 1, 2, 10]}]",[],Imitate
beta_1.00,ER_k4,ImitationStrategy,0.20833333333333334,,,True,allD,2,2,"[{""t"": 1, ""sizes"": [5, 3, 2, 2, 1, 2]}]",[],Imitate
beta_1.00,ER_k4,ImitationStrategy,0.11805555555555554,,,True,allD,12,12,"[{""t"": 1, ""sizes"": [13, 1, 1]}]",[],Imitate
beta_1.00,ER_k4,ImitationStrategy,0.027777777777777787,0.0,0.027777777777777787,False,,1000,1000,"[{""t"": 1, ""sizes"": [1, 17, 1]}, {""t"": 51, ""sizes"": [1]}, {""t"": 101, ""sizes"": [1]}, {""t"": 151, ""sizes"": [1]}, {""t"": 201, ""sizes"": [1]}, {""t"": 251, ""sizes"": [1]}, {""t"": 301, ""sizes"": [1]}, {""t"": 351, ""sizes"": [1]}, {""t"": 401, ""sizes"": [1]}, {""t"": 451, ""sizes"": [1]}, {""t"": 501, ""sizes"": [1]}, {""t"": 551, ""sizes"": [1]}, {""t"": 601, ""sizes"": [1]}, {""t"": 651, ""sizes"": [1]}, {""t"": 701, ""sizes"": [1]}, {""t"": 751, ""sizes"": [1]}, {""t"": 801, ""sizes"": [1]}, {""t"": 851, ""sizes"": [1]}, {""t"": 901, ""sizes"": [1]}, {""t"": 951, ""sizes"": [1]}]","[1, 1, 1, 1, 1, 1, 1, 1, 1, 1]",Imitate
beta_1.00,ER_k4,ImitationStrategy,0.11363636363636363,,,True,allD,11,11,"[{""t"": 1, ""sizes"": [1, 4, 10, 1]}]",[],Imitate
beta_1.00,ER_k4,ImitationStrategy,0.027777777777777787,0.0,0.027777777777777787,False,,1000,1000,"[{""t"": 1, ""sizes"": [1, 15, 1, 1]}, {""t"": 51, ""sizes"": [1]}, {""t"": 101, ""sizes"": [1]}, {""t"": 151, ""sizes"": [1]}, {""t"": 201, ""sizes"": [1]}, {""t"": 251, ""sizes"": [1]}, {""t"": 301, ""sizes"": [1]}, {""t"": 351, ""sizes"": [1]}, {""t"": 401, ""sizes"": [1]}, {""t"": 451, ""sizes"": [1]}, {""t"": 501, ""sizes"": [1]}, {""t"": 551, ""sizes"": [1]}, {""t"": 601, ""sizes"": [1]}, {""t"": 651, ""sizes"": [1]}, {""t"": 701, ""sizes"": [1]}, {""t"": 751, ""sizes"": [1]}, {""t"": 801, ""sizes"": [1]}, {""t"": 851, ""sizes"": [1]}, {""t"": 901, ""sizes"": [1]}, {""t"": 951, ""sizes"": [1]}]","[1, 1, 1, 1, 1, 1, 1, 1, 1, 1]",Imitate
beta_1.00,ER_k4,ImitationStrategy,0.2243589743589744,,,True,allD,13,13,"[{""t"": 1, ""sizes"": [23, 1]}]",[],Imitate
beta_1.00,ER_k4,ImitationStrategy,0.027777777777777787,0.0,0.027777777777777787,False,,1000,1000,"[{""t"": 1, ""sizes"": [12, 2, 1, 1, 1]}, {""t"": 51, ""sizes"": [1, 1]}, {""t"": 101, ""sizes"": [1]}, {""t"": 151, ""sizes"": [1]}, {""t"": 201, ""sizes"": [1]}, {""t"": 251, ""sizes"": [1]}, {""t"": 301, ""sizes"": [1]}, {""t"": 351, ""sizes"": [1]}, {""t"": 401, ""sizes"": [1]}, {""t"": 451, ""sizes"": [1]}, {""t"": 501, ""sizes"": [1]}, {""t"": 551, ""sizes"": [1]}, {""t"": 601, ""sizes"": [1]}, {""t"": 651, ""sizes"": [1]}, {""t"": 701, ""sizes"": [1]}, {""t"": 751, ""sizes"": [1]}, {""t"": 801, ""sizes"": [1]}, {""t"": 851, ""sizes"": [1]}, {""t"": 901, ""sizes"": [1]}, {""t"": 951, ""sizes"": [1]}]","[1, 1, 1, 1, 1, 1, 1, 1, 1, 1]",Imitate
beta_1.00,ER_k4,ImitationStrategy,0.1581196581196581,,,True,allD,13,13,"[{""t"": 1, ""sizes"": [17, 1]}]",[],Imitate
beta_1.00,ER_k4,ImitationStrategy,0.24999999999999997,,,True,allD,13,13,"[{""t"": 1, ""sizes"": [22, 1]}]",[],Imitate
beta_1.00,ER_k4,ImitationStrategy,0.10555555555555556,,,True,allD,10,10,"[{""t"": 1, ""sizes"": [11, 1, 1, 1, 1]}]",[],Imitate
beta_1.00,WS_k4_p0.1,ImitationStrategy,0.2361111111111111,,,True,allD,2,2,"[{""t"": 1, ""sizes"": [6, 3, 3, 5]}]",[],Imitate
beta_1.00,WS_k4_p0.1,ImitationStrategy,0.13888888888888887,,,True,allD,12,12,"[{""t"": 1, ""sizes"": [11, 5]}]",[],Imitate
beta_1.00,WS_k4_p0.1,ImitationStrategy,0.18055555555555555,,,True,allD,2,2,"[{""t"": 1, ""sizes"": [1, 1, 6, 1, 1, 3]}]",[],Imitate
beta_1.00,WS_k4_p0.1,ImitationStrategy,0.18055555555555555,,,True,allD,2,2,"[{""t"": 1, ""sizes"": [4, 1, 7, 1]}]",[],Imitate
beta_1.00,WS_k4_p0.1,ImitationStrategy,0.18055555555555555,,,True,allD,2,2,"[{""t"": 1, ""sizes"": [5, 1, 3, 1, 1, 1, 1]}]",[],Imitate
beta_1.00,WS_k4_p0.1,ImitationStrategy,0.25,,,True,allD,2,2,"[{""t"": 1, ""sizes"": [1, 15, 2]}]",[],Imitate
beta_1.00,WS_k4_p0.1,ImitationStrategy,0.1623931623931624,,,True,allD,13,13,"[{""t"": 1, ""sizes"": [14, 4, 1, 1]}]",[],Imitate
beta_1.00,WS_k4_p0.1,ImitationStrategy,0.2777777777777778,,,True,allD,2,2,"[{""t"": 1, ""sizes"": [16, 2, 2]}]",[],Imitate
beta_1.00,WS_k4_p0.1,ImitationStrategy,0.20833333333333331,,,True,allD,14,14,"[{""t"": 1, ""sizes"": [20, 2]}]",[],Imitate
beta_1.00,WS_k4_p0.1,ImitationStrategy,0.14316239316239313,,,True,allD,13,13,"[{""t"": 1, ""sizes"": [14, 1, 1, 1]}]",[],Imitate
beta_1.50,Grid_6x6,ImitationStrategy,0.21604938271604937,,,True,allD,27,27,"[{""t"": 1, ""sizes"": [19, 1, 1, 1]}]",[],Imitate
beta_1.50,Grid_6x6,ImitationStrategy,0.264957264957265,,,True,allD,13,13,"[{""t"": 1, ""sizes"": [17, 3]}]",[],Imitate
beta_1.50,Grid_6x6,ImitationStrategy,0.2158119658119658,,,True,allD,13,13,"[{""t"": 1, ""sizes"": [2, 2, 1, 13, 1, 1]}]",[],Imitate
beta_1.50,Grid_6x6,ImitationStrategy,0.18055555555555555,,,True,allD,2,2,"[{""t"": 1, ""sizes"": [6, 2, 1, 1, 3]}]",[],Imitate
beta_1.50,Grid_6x6,ImitationStrategy,0.16666666666666666,,,True,allD,2,2,"[{""t"": 1, ""sizes"": [6, 1, 1, 1, 2, 1]}]",[],Imitate
beta_1.50,Grid_6x6,ImitationStrategy,0.22863247863247868,,,True,allD,13,13,"[{""t"": 1, ""sizes"": [2, 6, 8, 5]}]",[],Imitate
beta_1.50,Grid_6x6,ImitationStrategy,0.24572649572649574,,,True,allD,13,13,"[{""t"": 1, ""sizes"": [1, 16, 1, 1]}]",[],Imitate
beta_1.50,Grid_6x6,ImitationStrategy,0.15873015873015875,,,True,allD,7,7,"[{""t"": 1, ""sizes"": [2, 1, 6, 2, 1, 1, 2, 1]}]",[],Imitate
beta_1.50,Grid_6x6,ImitationStrategy,0.1616161616161616,,,True,allD,22,22,"[{""t"": 1, ""sizes"": [15, 5]}]",[],Imitate
beta_1.50,Grid_6x6,ImitationStrategy,0.2638888888888889,,,True,allD,2,2,"[{""t"": 1, ""sizes"": [5, 10, 3, 1]}]",[],Imitate
beta_1.50,ER_k4,ImitationStrategy,0.22008547008547008,,,True,allD,13,13,"[{""t"": 1, ""sizes"": [17]}]",[],Imitate
beta_1.50,ER_k4,ImitationStrategy,0.027777777777777787,0.0,0.027777777777777787,False,,1000,1000,"[{""t"": 1, ""sizes"": [9, 1, 1, 1]}, {""t"": 51, ""sizes"": [1]}, {""t"": 101, ""sizes"": [1]}, {""t"": 151, ""sizes"": [1]}, {""t"": 201, ""sizes"": [1]}, {""t"": 251, ""sizes"": [1]}, {""t"": 301, ""sizes"": [1]}, {""t"": 351, ""sizes"": [1]}, {""t"": 401, ""sizes"": [1]}, {""t"": 451, ""sizes"": [1]}, {""t"": 501, ""sizes"": [1]}, {""t"": 551, ""sizes"": [1]}, {""t"": 601, ""sizes"": [1]}, {""t"": 651, ""sizes"": [1]}, {""t"": 701, ""sizes"": [1]}, {""t"": 751, ""sizes"": [1]}, {""t"": 801, ""sizes"": [1]}, {""t"": 851, ""sizes"": [1]}, {""t"": 901, ""sizes"": [1]}, {""t"": 951, ""sizes"": [1]}]","[1, 1, 1, 1, 1, 1, 1, 1, 1, 1]",Imitate
beta_1.50,ER_k4,ImitationStrategy,0.1085858585858586,,,True,allD,11,11,"[{""t"": 1, ""sizes"": [3, 1, 1, 9, 1]}]",[],Imitate
beta_1.50,ER_k4,ImitationStrategy,0.2361111111111111,,,True,allD,2,2,"[{""t"": 1, ""sizes"": [16, 1]}]",[],Imitate
beta_1.50,ER_k4,ImitationStrategy,0.19444444444444445,,,True,allD,2,2,"[{""t"": 1, ""sizes"": [11, 1, 1, 1]}]",[],Imitate
beta_1.50,ER_k4,ImitationStrategy,0.22222222222222227,,,True,allD,13,13,"[{""t"": 1, ""sizes"": [1, 19]}]",[],Imitate
beta_1.50,ER_k4,ImitationStrategy,0.18544444444444447,0.9,0.074,False,,1000,1000,"[{""t"": 1, ""sizes"": [7, 4, 1, 2, 2, 1, 1]}, {""t"": 51, ""sizes"": [1, 1, 2, 2]}, {""t"": 101, ""sizes"": [1, 1]}, {""t"": 151, ""sizes"": [1, 1, 2, 2]}, {""t"": 201, ""sizes"": [1, 1, 2, 2]}, {""t"": 251, ""sizes"": [2, 1, 1]}, {""t"": 301, ""sizes"": [1, 1, 2, 2]}, {""t"": 351, ""sizes"": [1, 1, 2, 2]}, {""t"": 401, ""sizes"": [1, 1, 2, 2]}, {""t"": 451, ""sizes"": [2, 1, 1]}, {""t"": 501, ""sizes"": [1, 1, 2, 2]}, {""t"": 551, ""sizes"": [1, 1, 2, 2]}, {""t"": 601, ""sizes"": [1, 1, 2, 2]}, {""t"": 651, ""sizes"": [1, 1]}, {""t"": 701, ""sizes"": [1, 1, 2, 2]}, {""t"": 751, ""sizes"": [1, 1, 2, 2]}, {""t"": 801, ""sizes"": [2, 1, 1]}, {""t"": 851, ""sizes"": [1, 1, 2, 2]}, {""t"": 901, ""sizes"": [1, 1, 2, 2]}, {""t"": 951, ""sizes"": [1, 1, 2, 2]}]","[1, 1, 2, 2, 1, 1, 2, 2, 1, 1, 2, 2, 1, 1, 1, 1, 2, 2, 1, 1, 2, 2, 2, 1, 1, 1, 1, 2, 2, 1, 1, 2, 2, 1, 1, 2, 2]",Imitate
beta_1.50,ER_k4,ImitationStrategy,0.16792929292929293,,,True,allD,22,22,"[{""t"": 1, ""sizes"": [1, 18, 2]}]",[],Imitate
beta_1.50,ER_k4,ImitationStrategy,0.1746031746031746,,,True,allD,14,14,"[{""t"": 1, ""sizes"": [18, 1, 1, 1]}]",[],Imitate
beta_1.50,ER_k4,ImitationStrategy,0.09305555555555553,,,True,allD,20,20,"[{""t"": 1, ""sizes"": [13, 1, 1, 1]}]",[],Imitate
beta_1.50,WS_k4_p0.1,ImitationStrategy,0.2361111111111111,,,True,allD,2,2,"[{""t"": 1, ""sizes"": [12, 1, 1, 2, 1]}]",[],Imitate
beta_1.50,WS_k4_p0.1,ImitationStrategy,0.25,,,True,allD,2,2,"[{""t"": 1, ""sizes"": [1, 16, 1]}]",[],Imitate
beta_1.50,WS_k4_p0.1,ImitationStrategy,0.20833333333333334,,,True,allD,2,2,"[{""t"": 1, ""sizes"": [1, 1, 5, 3, 1, 4]}]",[],Imitate
beta_1.50,WS_k4_p0.1,ImitationStrategy,0.16944444444444445,,,True,allD,10,10,"[{""t"": 1, ""sizes"": [11, 1, 4, 1]}]",[],Imitate
beta_1.50,WS_k4_p0.1,ImitationStrategy,0.18783068783068782,,,True,allD,21,21,"[{""t"": 1, ""sizes"": [18, 2]}]",[],Imitate
beta_1.50,WS_k4_p0.1,ImitationStrategy,0.1346153846153846,,,True,allD,13,13,"[{""t"": 1, ""sizes"": [13, 1, 1]}]",[],Imitate
beta_1.50,WS_k4_p0.1,ImitationStrategy,0.1474358974358974,,,True,allD,26,26,"[{""t"": 1, ""sizes"": [1, 5, 14]}]",[],Imitate
beta_1.50,WS_k4_p0.1,ImitationStrategy,0.22649572649572652,,,True,allD,13,13,"[{""t"": 1, ""sizes"": [5, 1, 9, 1, 2]}]",[],Imitate
beta_1.50,WS_k4_p0.1,ImitationStrategy,0.12037037037037036,,,True,allD,15,15,"[{""t"": 1, ""sizes"": [5, 1, 8, 1, 1]}]",[],Imitate
beta_1.50,WS_k4_p0.1,ImitationStrategy,0.19642857142857142,,,True,allD,28,28,"[{""t"": 1, ""sizes"": [15, 1, 3]}]",[],Imitate
beta_2.00,Grid_6x6,ImitationStrategy,0.17222222222222222,,,True,allD,15,15,"[{""t"": 1, ""sizes"": [14, 1, 1, 1, 2]}]",[],Imitate
beta_2.00,Grid_6x6,ImitationStrategy,0.23290598290598294,,,True,allD,13,13,"[{""t"": 1, ""sizes"": [16, 1, 1, 3]}]",[],Imitate
beta_2.00,Grid_6x6,ImitationStrategy,0.19444444444444445,,,True,allD,2,2,"[{""t"": 1, ""sizes"": [2, 5, 3, 1, 2, 1]}]",[],Imitate
beta_2.00,Grid_6x6,ImitationStrategy,0.1863425925925926,,,True,allD,24,24,"[{""t"": 1, ""sizes"": [1, 1, 19]}]",[],Imitate
beta_2.00,Grid_6x6,ImitationStrategy,0.16203703703703706,,,True,allD,24,24,"[{""t"": 1, ""sizes"": [1, 9, 2, 5, 2]}]",[],Imitate
beta_2.00,Grid_6x6,ImitationStrategy,0.17378917378917375,,,True,allD,39,39,"[{""t"": 1, ""sizes"": [10, 14]}]",[],Imitate
beta_2.00,Grid_6x6,ImitationStrategy,0.21195652173913043,,,True,allD,46,46,"[{""t"": 1, ""sizes"": [19, 2, 3]}]",[],Imitate
beta_2.00,Grid_6x6,ImitationStrategy,0.20833333333333334,,,True,allD,2,2,"[{""t"": 1, ""sizes"": [2, 1, 8, 2, 1, 1]}]",[],Imitate
beta_2.00,Grid_6x6,ImitationStrategy,0.1650326797385621,,,True,allD,17,17,"[{""t"": 1, ""sizes"": [4, 8, 1, 4, 4]}]",[],Imitate
beta_2.00,Grid_6x6,ImitationStrategy,0.16005291005291006,,,True,allD,21,21,"[{""t"": 1, ""sizes"": [12, 2, 1, 2]}]",[],Imitate
beta_2.00,ER_k4,ImitationStrategy,0.10042735042735042,,,True,allD,13,13,"[{""t"": 1, ""sizes"": [11, 1, 1]}]",[],Imitate
beta_2.00,ER_k4,ImitationStrategy,0.1698966408268734,,,True,allD,43,43,"[{""t"": 1, ""sizes"": [1, 21]}]",[],Imitate
beta_2.00,ER_k4,ImitationStrategy,0.027777777777777787,0.0,0.027777777777777787,False,,1000,1000,"[{""t"": 1, ""sizes"": [20, 1, 1, 1]}, {""t"": 51, ""sizes"": [1]}, {""t"": 101, ""sizes"": [1]}, {""t"": 151, ""sizes"": [1]}, {""t"": 201, ""sizes"": [1]}, {""t"": 251, ""sizes"": [1]}, {""t"": 301, ""sizes"": [1]}, {""t"": 351, ""sizes"": [1]}, {""t"": 401, ""sizes"": [1]}, {""t"": 451, ""sizes"": [1]}, {""t"": 501, ""sizes"": [1]}, {""t"": 551, ""sizes"": [1]}, {""t"": 601, ""sizes"": [1]}, {""t"": 651, ""sizes"": [1]}, {""t"": 701, ""sizes"": [1]}, {""t"": 751, ""sizes"": [1]}, {""t"": 801, ""sizes"": [1]}, {""t"": 851, ""sizes"": [1]}, {""t"": 901, ""sizes"": [1]}, {""t"": 951, ""sizes"": [1]}]","[1, 1, 1, 1, 1, 1, 1, 1, 1, 1]",Imitate
beta_2.00,ER_k4,ImitationStrategy,0.1388888888888889,,,True,allD,13,13,"[{""t"": 1, ""sizes"": [1, 1, 13, 1, 1, 1]}]",[],Imitate
beta_2.00,ER_k4,ImitationStrategy,0.14529914529914528,,,True,allD,13,13,"[{""t"": 1, ""sizes"": [2, 14, 1]}]",[],Imitate
beta_2.00,ER_k4,ImitationStrategy,0.2222222222222222,,,True,allD,2,2,"[{""t"": 1, ""sizes"": [10, 1, 1, 1, 1, 1, 1]}]",[],Imitate
beta_2.00,ER_k4,ImitationStrategy,0.17003367003367,,,True,allD,33,33,"[{""t"": 1, ""sizes"": [2, 1, 11, 1, 2]}]",[],Imitate
beta_2.00,ER_k4,ImitationStrategy,0.26282051282051283,,,True,allD,13,13,"[{""t"": 1, ""sizes"": [20, 1]}]",[],Imitate
beta_2.00,ER_k4,ImitationStrategy,0.12606837606837606,,,True,allD,13,13,"[{""t"": 1, ""sizes"": [1, 13, 1, 1, 1]}]",[],Imitate
beta_2.00,ER_k4,ImitationStrategy,0.027777777777777787,0.0,0.027777777777777787,False,,1000,1000,"[{""t"": 1, ""sizes"": [17, 1]}, {""t"": 51, ""sizes"": [1]}, {""t"": 101, ""sizes"": [1]}, {""t"": 151, ""sizes"": [1]}, {""t"": 201, ""sizes"": [1]}, {""t"": 251, ""sizes"": [1]}, {""t"": 301, ""sizes"": [1]}, {""t"": 351, ""sizes"": [1]}, {""t"": 401, ""sizes"": [1]}, {""t"": 451, ""sizes"": [1]}, {""t"": 501, ""sizes"": [1]}, {""t"": 551, ""sizes"": [1]}, {""t"": 601, ""sizes"": [1]}, {""t"": 651, ""sizes"": [1]}, {""t"": 701, ""sizes"": [1]}, {""t"": 751, ""sizes"": [1]}, {""t"": 801, ""sizes"": [1]}, {""t"": 851, ""sizes"": [1]}, {""t"": 901, ""sizes"": [1]}, {""t"": 951, ""sizes"": [1]}]","[1, 1, 1, 1, 1, 1, 1, 1, 1, 1]",Imitate
beta_2.00,WS_k4_p0.1,ImitationStrategy,0.16468253968253968,,,True,allD,14,14,"[{""t"": 1, ""sizes"": [7, 1, 8, 1]}]",[],Imitate
beta_2.00,WS_k4_p0.1,ImitationStrategy,0.1527777777777778,,,True,allD,2,2,"[{""t"": 1, ""sizes"": [3, 1, 1, 1, 2, 1, 1, 1]}]",[],Imitate
beta_2.00,WS_k4_p0.1,ImitationStrategy,0.2916666666666667,,,True,allD,2,2,"[{""t"": 1, ""sizes"": [19, 2]}]",[],Imitate
beta_2.00,WS_k4_p0.1,ImitationStrategy,0.20833333333333334,,,True,allD,2,2,"[{""t"": 1, ""sizes"": [10, 1, 1, 1, 2]}]",[],Imitate
beta_2.00,WS_k4_p0.1,ImitationStrategy,0.11805555555555554,,,True,allD,24,24,"[{""t"": 1, ""sizes"": [10, 1, 1, 2, 1, 1]}]",[],Imitate
beta_2.00,WS_k4_p0.1,ImitationStrategy,0.20833333333333334,,,True,allD,36,36,"[{""t"": 1, ""sizes"": [5, 3, 4, 7, 3]}]",[],Imitate
beta_2.00,WS_k4_p0.1,ImitationStrategy,0.20079365079365083,,,True,allD,35,35,"[{""t"": 1, ""sizes"": [3, 11, 1, 3, 2]}]",[],Imitate
beta_2.00,WS_k4_p0.1,ImitationStrategy,0.32264957264957267,,,True,allD,13,13,"[{""t"": 1, ""sizes"": [19, 3]}]",[],Imitate
beta_2.00,WS_k4_p0.1,ImitationStrategy,0.2638888888888889,,,True,allD,2,2,"[{""t"": 1, ""sizes"": [1, 13, 2, 3]}]",[],Imitate
beta_2.00,WS_k4_p0.1,ImitationStrategy,0.19444444444444445,,,True,allD,2,2,"[{""t"": 1, ""sizes"": [2, 1, 5, 2, 2, 1, 1]}]",[],Imitate
beta_2.50,Grid_6x6,ImitationStrategy,0.2638888888888889,,,True,allD,2,2,"[{""t"": 1, ""sizes"": [9, 1, 1, 3, 1, 3, 1]}]",[],Imitate
beta_2.50,Grid_6x6,ImitationStrategy,0.17274305555555555,,,True,allD,32,32,"[{""t"": 1, ""sizes"": [3, 3, 3, 4, 3]}]",[],Imitate
beta_2.50,Grid_6x6,ImitationStrategy,0.18055555555555555,,,True,allD,2,2,"[{""t"": 1, ""sizes"": [2, 5, 1, 1, 1, 1, 1, 1]}]",[],Imitate
beta_2.50,Grid_6x6,ImitationStrategy,0.19444444444444442,,,True,allD,21,21,"[{""t"": 1, ""sizes"": [22, 1, 1]}]",[],Imitate
beta_2.50,Grid_6x6,ImitationStrategy,0.125,,,True,allD,42,42,"[{""t"": 1, ""sizes"": [4, 4, 1, 1, 1, 3, 1, 2, 1]}]",[],Imitate
beta_2.50,Grid_6x6,ImitationStrategy,0.1657986111111111,,,True,allD,32,32,"[{""t"": 1, ""sizes"": [11, 1, 6, 1]}]",[],Imitate
beta_2.50,Grid_6x6,ImitationStrategy,0.28632478632478636,,,True,allD,13,13,"[{""t"": 1, ""sizes"": [16, 3, 1]}]",[],Imitate
beta_2.50,Grid_6x6,ImitationStrategy,0.14339339339339338,,,True,allD,37,37,"[{""t"": 1, ""sizes"": [3, 1, 15, 1, 1]}]",[],Imitate
beta_2.50,Grid_6x6,ImitationStrategy,0.18589743589743593,,,True,allD,13,13,"[{""t"": 1, ""sizes"": [2, 5, 8]}]",[],Imitate
beta_2.50,Grid_6x6,ImitationStrategy,0.16452991452991453,,,True,allD,13,13,"[{""t"": 1, ""sizes"": [1, 11, 1, 1, 4]}]",[],Imitate
beta_2.50,ER_k4,ImitationStrategy,0.23504273504273507,,,True,allD,13,13,"[{""t"": 1, ""sizes"": [16, 1, 1]}]",[],Imitate
beta_2.50,ER_k4,ImitationStrategy,0.07822222222222222,0.9,0.05300000000000001,False,,1000,1000,"[{""t"": 1, ""sizes"": [16, 1, 1, 1, 1]}, {""t"": 51, ""sizes"": [2, 1, 4]}, {""t"": 101, ""sizes"": [2, 1]}, {""t"": 151, ""sizes"": [2, 1]}, {""t"": 201, ""sizes"": [2, 1]}, {""t"": 251, ""sizes"": [2, 1]}, {""t"": 301, ""sizes"": [2, 1]}, {""t"": 351, ""sizes"": [2, 1]}, {""t"": 401, ""sizes"": [2, 1]}, {""t"": 451, ""sizes"": [2, 1]}, {""t"": 501, ""sizes"": [1]}, {""t"": 551, ""sizes"": [2, 1]}, {""t"": 601, ""sizes"": [2, 1]}, {""t"": 651, ""sizes"": [2, 1]}, {""t"": 701, ""sizes"": [2, 1]}, {""t"": 751, ""sizes"": [2, 1]}, {""t"": 801, ""sizes"": [2, 1]}, {""t"": 851, ""sizes"": [2, 1]}, {""t"": 901, ""sizes"": [2, 1]}, {""t"": 951, ""sizes"": [2, 1]}]","[1, 2, 1, 2, 1, 2, 1, 2, 1, 2, 1, 2, 1, 2, 1, 2, 1, 2, 1]",Imitate
beta_2.50,ER_k4,ImitationStrategy,0.06322222222222222,0.7,0.04550000000000001,False,,1000,1000,"[{""t"": 1, ""sizes"": [1, 1, 1, 8, 2, 1, 1]}, {""t"": 51, ""sizes"": [2, 1]}, {""t"": 101, ""sizes"": [1]}, {""t"": 151, ""sizes"": [1]}, {""t"": 201, ""sizes"": [2, 1]}, {""t"": 251, ""sizes"": [2, 1]}, {""t"": 301, ""sizes"": [2, 1]}, {""t"": 351, ""sizes"": [2, 1]}, {""t"": 401, ""sizes"": [1]}, {""t"": 451, ""sizes"": [1]}, {""t"": 501, ""sizes"": [2, 1]}, {""t"": 551, ""sizes"": [2, 1]}, {""t"": 601, ""sizes"": [2, 1]}, {""t"": 651, ""sizes"": [1]}, {""t"": 701, ""sizes"": [1]}, {""t"": 751, ""sizes"": [2, 1]}, {""t"": 801, ""sizes"": [2, 1]}, {""t"": 851, ""sizes"": [2, 1]}, {""t"": 901, ""sizes"": [2, 1]}, {""t"": 951, ""sizes"": [1]}]","[2, 1, 2, 1, 2, 1, 1, 1, 2, 1, 2, 1, 2, 1, 2, 1, 1]",Imitate
beta_2.50,ER_k4,ImitationStrategy,0.15277777777777776,,,True,allD,14,14,"[{""t"": 1, ""sizes"": [16, 1]}]",[],Imitate
beta_2.50,ER_k4,ImitationStrategy,0.15322580645161288,,,True,allD,31,31,"[{""t"": 1, ""sizes"": [14, 1, 2]}]",[],Imitate
beta_2.50,ER_k4,ImitationStrategy,0.32264957264957267,,,True,allD,13,13,"[{""t"": 1, ""sizes"": [21, 1]}]",[],Imitate
beta_2.50,ER_k4,ImitationStrategy,0.12037037037037035,,,True,allD,54,54,"[{""t"": 1, ""sizes"": [1, 14, 1, 1]}, {""t"": 51, ""sizes"": [1]}]",[],Imitate
beta_2.50,ER_k4,ImitationStrategy,0.2948717948717949,,,True,allD,13,13,"[{""t"": 1, ""sizes"": [21, 1, 1]}]",[],Imitate
beta_2.50,ER_k4,ImitationStrategy,0.25,,,True,allD,2,2,"[{""t"": 1, ""sizes"": [1, 7, 7, 1, 1, 1]}]",[],Imitate
beta_2.50,ER_k4,ImitationStrategy,0.17094017094017094,,,True,allD,13,13,"[{""t"": 1, ""sizes"": [17, 1, 1]}]",[],Imitate
beta_2.50,WS_k4_p0.1,ImitationStrategy,0.26273148148148145,,,True,allD,24,24,"[{""t"": 1, ""sizes"": [4, 11, 1, 3]}]",[],Imitate
beta_2.50,WS_k4_p0.1,ImitationStrategy,0.20833333333333334,,,True,allD,2,2,"[{""t"": 1, ""sizes"": [10, 2, 3]}]",[],Imitate
beta_2.50,WS_k4_p0.1,ImitationStrategy,0.20833333333333334,,,True,allD,2,2,"[{""t"": 1, ""sizes"": [6, 1, 2, 2, 2, 1, 1]}]",[],Imitate
beta_2.50,WS_k4_p0.1,ImitationStrategy,0.16880341880341881,,,True,allD,13,13,"[{""t"": 1, ""sizes"": [1, 1, 1, 9, 2, 1]}]",[],Imitate
beta_2.50,WS_k4_p0.1,ImitationStrategy,0.2638888888888889,,,True,allD,2,2,"[{""t"": 1, ""sizes"": [8, 4, 7]}]",[],Imitate
beta_2.50,WS_k4_p0.1,ImitationStrategy,0.19444444444444445,,,True,allD,2,2,"[{""t"": 1, ""sizes"": [9, 1, 4]}]",[],Imitate
beta_2.50,WS_k4_p0.1,ImitationStrategy,0.19871794871794873,,,True,allD,13,13,"[{""t"": 1, ""sizes"": [2, 1, 1, 11, 1]}]",[],Imitate
beta_2.50,WS_k4_p0.1,ImitationStrategy,0.18444444444444444,,,True,allD,25,25,"[{""t"": 1, ""sizes"": [5, 1, 8, 6]}]",[],Imitate
beta_2.50,WS_k4_p0.1,ImitationStrategy,0.15598290598290598,,,True,allD,13,13,"[{""t"": 1, ""sizes"": [4, 9, 1, 1]}]",[],Imitate
beta_2.50,WS_k4_p0.1,ImitationStrategy,0.2222222222222222,,,True,allD,2,2,"[{""t"": 1, ""sizes"": [4, 2, 8, 2]}]",[],Imitate
beta_3.00,Grid_6x6,ImitationStrategy,0.22453703703703706,,,True,allD,24,24,"[{""t"": 1, ""sizes"": [2, 3, 14, 1, 2]}]",[],Imitate
beta_3.00,Grid_6x6,ImitationStrategy,0.20833333333333334,,,True,allD,2,2,"[{""t"": 1, ""sizes"": [1, 3, 1, 1, 1, 4, 1, 1, 1, 1]}]",[],Imitate
beta_3.00,Grid_6x6,ImitationStrategy,0.19444444444444445,,,True,allD,2,2,"[{""t"": 1, ""sizes"": [1, 3, 1, 1, 4, 1, 1, 1, 1]}]",[],Imitate
beta_3.00,Grid_6x6,ImitationStrategy,0.2670940170940171,,,True,allD,13,13,"[{""t"": 1, ""sizes"": [16, 2]}]",[],Imitate
beta_3.00,Grid_6x6,ImitationStrategy,0.19607843137254902,,,True,allD,34,34,"[{""t"": 1, ""sizes"": [21, 1]}]",[],Imitate
beta_3.00,Grid_6x6,ImitationStrategy,0.17530864197530863,,,True,allD,45,45,"[{""t"": 1, ""sizes"": [19, 2]}]",[],Imitate
beta_3.00,Grid_6x6,ImitationStrategy,0.17777777777777778,,,True,allD,25,25,"[{""t"": 1, ""sizes"": [18, 1, 1]}]",[],Imitate
beta_3.00,Grid_6x6,ImitationStrategy,0.12655555555555556,1.0,0.091,False,,1000,1000,"[{""t"": 1, ""sizes"": [12, 1, 3, 4, 1]}, {""t"": 51, ""sizes"": [4, 2]}, {""t"": 101, ""sizes"": [1]}, {""t"": 151, ""sizes"": [4, 2]}, {""t"": 201, ""sizes"": [2]}, {""t"": 251, ""sizes"": [2, 2]}, {""t"": 301, ""sizes"": [4]}, {""t"": 351, ""sizes"": [4, 2]}, {""t"": 401, ""sizes"": [4]}, {""t"": 451, ""sizes"": [3, 2]}, {""t"": 501, ""sizes"": [4, 2]}, {""t"": 551, ""sizes"": [4, 2]}, {""t"": 601, ""sizes"": [4, 2]}, {""t"": 651, ""sizes"": [1]}, {""t"": 701, ""sizes"": [4, 2]}, {""t"": 751, ""sizes"": [2]}, {""t"": 801, ""sizes"": [2, 2]}, {""t"": 851, ""sizes"": [4]}, {""t"": 901, ""sizes"": [4, 2]}, {""t"": 951, ""sizes"": [4]}]","[4, 2, 4, 2, 4, 2, 1, 4, 2, 2, 2, 2, 4, 4, 2, 4]",Imitate
beta_3.00,Grid_6x6,ImitationStrategy,0.16154970760233914,,,True,allD,38,38,"[{""t"": 1, ""sizes"": [10, 1, 7, 1]}]",[],Imitate
beta_3.00,Grid_6x6,ImitationStrategy,0.19444444444444445,,,True,allD,2,2,"[{""t"": 1, ""sizes"": [3, 3, 2, 2, 1, 1, 1, 1]}]",[],Imitate
beta_3.00,ER_k4,ImitationStrategy,0.027777777777777787,0.0,0.027777777777777787,False,,1000,1000,"[{""t"": 1, ""sizes"": [16, 1, 1, 1]}, {""t"": 51, ""sizes"": [1, 1]}, {""t"": 101, ""sizes"": [1]}, {""t"": 151, ""sizes"": [1]}, {""t"": 201, ""sizes"": [1]}, {""t"": 251, ""sizes"": [1]}, {""t"": 301, ""sizes"": [1]}, {""t"": 351, ""sizes"": [1]}, {""t"": 401, ""sizes"": [1]}, {""t"": 451, ""sizes"": [1]}, {""t"": 501, ""sizes"": [1]}, {""t"": 551, ""sizes"": [1]}, {""t"": 601, ""sizes"": [1]}, {""t"": 651, ""sizes"": [1]}, {""t"": 701, ""sizes"": [1]}, {""t"": 751, ""sizes"": [1]}, {""t"": 801, ""sizes"": [1]}, {""t"": 851, ""sizes"": [1]}, {""t"": 901, ""sizes"": [1]}, {""t"": 951, ""sizes"": [1]}]","[1, 1, 1, 1, 1, 1, 1, 1, 1, 1]",Imitate
beta_3.00,ER_k4,ImitationStrategy,0.31410256410256415,,,True,allD,13,13,"[{""t"": 1, ""sizes"": [21]}]",[],Imitate
beta_3.00,ER_k4,ImitationStrategy,0.07822222222222222,0.0,0.07311111111111111,False,,1000,1000,"[{""t"": 1, ""sizes"": [17, 2]}, {""t"": 51, ""sizes"": [3]}, {""t"": 101, ""sizes"": [3]}, {""t"": 151, ""sizes"": [1, 1]}, {""t"": 201, ""sizes"": [3]}, {""t"": 251, ""sizes"": [1, 1]}, {""t"": 301, ""sizes"": [3]}, {""t"": 351, ""sizes"": [3]}, {""t"": 401, ""sizes"": [3]}, {""t"": 451, ""sizes"": [3]}, {""t"": 501, ""sizes"": [3]}, {""t"": 551, ""sizes"": [3]}, {""t"": 601, ""sizes"": [3]}, {""t"": 651, ""sizes"": [3]}, {""t"": 701, ""sizes"": [1, 1]}, {""t"": 751, ""sizes"": [3]}, {""t"": 801, ""sizes"": [1, 1]}, {""t"": 851, ""sizes"": [3]}, {""t"": 901, ""sizes"": [3]}, {""t"": 951, ""sizes"": [3]}]","[3, 3, 3, 3, 1, 1, 3, 1, 1, 3, 3, 3]",Imitate
beta_3.00,ER_k4,ImitationStrategy,0.2091503267973856,,,True,allD,34,34,"[{""t"": 1, ""sizes"": [21, 1, 1]}]",[],Imitate
beta_3.00,ER_k4,ImitationStrategy,0.26495726495726496,,,True,allD,13,13,"[{""t"": 1, ""sizes"": [17, 1, 1, 1]}]",[],Imitate
beta_3.00,ER_k4,ImitationStrategy,0.06483333333333334,0.7,0.04400000000000001,False,,1000,1000,"[{""t"": 1, ""sizes"": [1, 13, 1, 1, 2, 1]}, {""t"": 51, ""sizes"": [2, 1]}, {""t"": 101, ""sizes"": [1, 1]}, {""t"": 151, ""sizes"": [2, 1]}, {""t"": 201, ""sizes"": [2, 1]}, {""t"": 251, ""sizes"": [1]}, {""t"": 301, ""sizes"": [2, 1]}, {""t"": 351, ""sizes"": [2, 1]}, {""t"": 401, ""sizes"": [1, 1]}, {""t"": 451, ""sizes"": [2, 1]}, {""t"": 501, ""sizes"": [2, 1]}, {""t"": 551, ""sizes"": [1]}, {""t"": 601, ""sizes"": [2, 1]}, {""t"": 651, ""sizes"": [2, 1]}, {""t"": 701, ""sizes"": [1, 1]}, {""t"": 751, ""sizes"": [2, 1]}, {""t"": 801, ""sizes"": [2, 1]}, {""t"": 851, ""sizes"": [1]}, {""t"": 901, ""sizes"": [2, 1]}, {""t"": 951, ""sizes"": [2, 1]}]","[2, 1, 1, 2, 1, 2, 1, 1, 1, 2, 1, 2, 1, 1, 2, 1, 2, 1]",Imitate
beta_3.00,ER_k4,ImitationStrategy,0.202991452991453,,,True,allD,13,13,"[{""t"": 1, ""sizes"": [11, 2, 1, 2, 1]}]",[],Imitate
beta_3.00,ER_k4,ImitationStrategy,0.2361111111111111,,,True,allD,2,2,"[{""t"": 1, ""sizes"": [12, 4, 1]}]",[],Imitate
beta_3.00,ER_k4,ImitationStrategy,0.16444444444444448,,,True,allD,25,25,"[{""t"": 1, ""sizes"": [18, 1, 1, 1]}]",[],Imitate
beta_3.00,ER_k4,ImitationStrategy,0.2222222222222222,,,True,allD,2,2,"[{""t"": 1, ""sizes"": [11, 2, 1, 1, 1]}]",[],Imitate
beta_3.00,WS_k4_p0.1,ImitationStrategy,0.20940170940170938,,,True,allD,13,13,"[{""t"": 1, ""sizes"": [16, 1, 1]}]",[],Imitate
beta_3.00,WS_k4_p0.1,ImitationStrategy,0.23128019323671495,,,True,allD,46,46,"[{""t"": 1, ""sizes"": [11, 7, 4]}]",[],Imitate
beta_3.00,WS_k4_p0.1,ImitationStrategy,0.2222222222222222,,,True,allD,2,2,"[{""t"": 1, ""sizes"": [9, 2, 1, 3, 1]}]",[],Imitate
beta_3.00,WS_k4_p0.1,ImitationStrategy,0.16161111111111115,1.7,0.07827777777777777,False,,1000,1000,"[{""t"": 1, ""sizes"": [10, 2, 1, 3, 2, 1]}, {""t"": 51, ""sizes"": [1, 2, 3, 2]}, {""t"": 101, ""sizes"": [2]}, {""t"": 151, ""sizes"": [2, 1]}, {""t"": 201, ""sizes"": [2, 3, 2]}, {""t"": 251, ""sizes"": [2, 3, 2]}, {""t"": 301, ""sizes"": [2, 3]}, {""t"": 351, ""sizes"": [2, 3]}, {""t"": 401, ""sizes"": [2, 3, 2]}, {""t"": 451, ""sizes"": [2, 2, 3, 2]}, {""t"": 501, ""sizes"": [2, 2, 3]}, {""t"": 551, ""sizes"": [3, 2]}, {""t"": 601, ""sizes"": [2, 3, 2]}, {""t"": 651, ""sizes"": [2]}, {""t"": 701, ""sizes"": [2, 1]}, {""t"": 751, ""sizes"": [2, 3, 2]}, {""t"": 801, ""sizes"": [2, 3, 2]}, {""t"": 851, ""sizes"": [2, 3]}, {""t"": 901, ""sizes"": [2, 3]}, {""t"": 951, ""sizes"": [2, 3, 2]}]","[2, 2, 3, 3, 2, 2, 3, 2, 2, 2, 1, 2, 3, 2, 2, 3, 2, 2, 3, 2, 3, 2, 3, 2]",Imitate
beta_3.00,WS_k4_p0.1,ImitationStrategy,0.19017094017094016,,,True,allD,39,39,"[{""t"": 1, ""sizes"": [14, 2, 2]}]",[],Imitate
beta_3.00,WS_k4_p0.1,ImitationStrategy,0.27350427350427353,,,True,allD,13,13,"[{""t"": 1, ""sizes"": [1, 13, 5]}]",[],Imitate
beta_3.00,WS_k4_p0.1,ImitationStrategy,0.2638888888888889,,,True,allD,2,2,"[{""t"": 1, ""sizes"": [6, 6, 1, 6]}]",[],Imitate
beta_3.00,WS_k4_p0.1,ImitationStrategy,0.2586805555555555,,,True,allD,32,32,"[{""t"": 1, ""sizes"": [28, 1]}]",[],Imitate
beta_3.00,WS_k4_p0.1,ImitationStrategy,0.19444444444444445,,,True,allD,2,2,"[{""t"": 1, ""sizes"": [7, 4, 3]}]",[],Imitate
beta_3.00,WS_k4_p0.1,ImitationStrategy,0.2361111111111111,,,True,allD,2,2,"[{""t"": 1, ""sizes"": [1, 1, 6, 2, 2, 5]}]",[],Imitate
beta_3.50,Grid_6x6,ImitationStrategy,0.1666111111111111,1.3666666666666667,0.08583333333333334,False,,1000,1000,"[{""t"": 1, ""sizes"": [1, 6, 5, 1, 2]}, {""t"": 51, ""sizes"": [3, 2]}, {""t"": 101, ""sizes"": [2]}, {""t"": 151, ""sizes"": [3, 3]}, {""t"": 201, ""sizes"": [2, 3, 2]}, {""t"": 251, ""sizes"": [2, 2, 2]}, {""t"": 301, ""sizes"": [3, 2]}, {""t"": 351, ""sizes"": [3, 2]}, {""t"": 401, ""sizes"": [4, 2]}, {""t"": 451, ""sizes"": [4, 3, 2]}, {""t"": 501, ""sizes"": [4, 1, 2]}, {""t"": 551, ""sizes"": [3, 3, 2]}, {""t"": 601, ""sizes"": [3, 2]}, {""t"": 651, ""sizes"": [2]}, {""t"": 701, ""sizes"": [3, 3]}, {""t"": 751, ""sizes"": [2, 3, 2]}, {""t"": 801, ""sizes"": [2, 2, 2]}, {""t"": 851, ""sizes"": [3, 2]}, {""t"": 901, ""sizes"": [3, 2]}, {""t"": 951, ""sizes"": [4, 2]}]","[4, 1, 2, 3, 3, 2, 3, 2, 2, 3, 3, 2, 3, 2, 2, 2, 2, 3, 2, 3, 2, 4, 2]",Imitate
beta_3.50,Grid_6x6,ImitationStrategy,0.15,,,True,allD,5,5,"[{""t"": 1, ""sizes"": [2, 1, 1, 3, 4, 1, 1]}]",[],Imitate
beta_3.50,Grid_6x6,ImitationStrategy,0.28846153846153844,,,True,allD,13,13,"[{""t"": 1, ""sizes"": [5, 1, 14]}]",[],Imitate
beta_3.50,Grid_6x6,ImitationStrategy,0.2735042735042735,,,True,allD,13,13,"[{""t"": 1, ""sizes"": [5, 10, 2, 3]}]",[],Imitate
beta_3.50,Grid_6x6,ImitationStrategy,0.2732974910394265,,,True,allD,93,93,"[{""t"": 1, ""sizes"": [24, 1]}, {""t"": 51, ""sizes"": [10, 1]}]",[],Imitate
beta_3.50,Grid_6x6,ImitationStrategy,0.20833333333333334,,,True,allD,2,2,"[{""t"": 1, ""sizes"": [3, 1, 1, 4, 1, 4, 1]}]",[],Imitate
beta_3.50,Grid_6x6,ImitationStrategy,0.18567251461988304,0.0,0.06944444444444445,True,allD,519,519,"[{""t"": 1, ""sizes"": [2, 3, 5, 2, 2, 3]}, {""t"": 51, ""sizes"": [2, 3, 2, 2]}, {""t"": 101, ""sizes"": [1, 1]}, {""t"": 151, ""sizes"": [2, 2]}, {""t"": 201, ""sizes"": [2, 3, 2, 2]}, {""t"": 251, ""sizes"": [2, 2, 2, 1]}, {""t"": 301, ""sizes"": [2, 2, 2]}, {""t"": 351, ""sizes"": [2, 3, 2]}, {""t"": 401, ""sizes"": [1, 2, 2, 2]}, {""t"": 451, ""sizes"": [2, 3, 2, 2]}, {""t"": 501, ""sizes"": [2, 2, 2]}]","[2, 2, 2]",Imitate
beta_3.50,Grid_6x6,ImitationStrategy,0.25126262626262624,,,True,allD,44,44,"[{""t"": 1, ""sizes"": [22]}]",[],Imitate
beta_3.50,Grid_6x6,ImitationStrategy,0.10648148148148147,,,True,allD,54,54,"[{""t"": 1, ""sizes"": [2, 1, 1, 10, 1, 4]}, {""t"": 51, ""sizes"": [2]}]",[],Imitate
beta_3.50,Grid_6x6,ImitationStrategy,0.1368312757201646,,,True,allD,54,54,"[{""t"": 1, ""sizes"": [11, 1, 1, 1, 2]}, {""t"": 51, ""sizes"": [2]}]",[],Imitate
beta_3.50,ER_k4,ImitationStrategy,0.027777777777777787,0.0,0.027777777777777787,False,,1000,1000,"[{""t"": 1, ""sizes"": [22, 1]}, {""t"": 51, ""sizes"": [1]}, {""t"": 101, ""sizes"": [1]}, {""t"": 151, ""sizes"": [1]}, {""t"": 201, ""sizes"": [1]}, {""t"": 251, ""sizes"": [1]}, {""t"": 301, ""sizes"": [1]}, {""t"": 351, ""sizes"": [1]}, {""t"": 401, ""sizes"": [1]}, {""t"": 451, ""sizes"": [1]}, {""t"": 501, ""sizes"": [1]}, {""t"": 551, ""sizes"": [1]}, {""t"": 601, ""sizes"": [1]}, {""t"": 651, ""sizes"": [1]}, {""t"": 701, ""sizes"": [1]}, {""t"": 751, ""sizes"": [1]}, {""t"": 801, ""sizes"": [1]}, {""t"": 851, ""sizes"": [1]}, {""t"": 901, ""sizes"": [1]}, {""t"": 951, ""sizes"": [1]}]","[1, 1, 1, 1, 1, 1, 1, 1, 1, 1]",Imitate
beta_3.50,ER_k4,ImitationStrategy,0.16666666666666663,,,True,allD,22,22,"[{""t"": 1, ""sizes"": [19, 1]}]",[],Imitate
beta_3.50,ER_k4,ImitationStrategy,0.2670940170940171,,,True,allD,13,13,"[{""t"": 1, ""sizes"": [19, 1]}]",[],Imitate
beta_3.50,ER_k4,ImitationStrategy,0.25,,,True,allD,2,2,"[{""t"": 1, ""sizes"": [3, 11, 1, 1, 1, 1]}]",[],Imitate
beta_3.50,ER_k4,ImitationStrategy,0.27350427350427353,,,True,allD,13,13,"[{""t"": 1, ""sizes"": [21, 1]}]",[],Imitate
beta_3.50,ER_k4,ImitationStrategy,0.19871794871794873,,,True,allD,13,13,"[{""t"": 1, ""sizes"": [14, 1, 1]}]",[],Imitate
beta_3.50,ER_k4,ImitationStrategy,0.05094444444444446,0.3,0.037055555555555564,False,,1000,1000,"[{""t"": 1, ""sizes"": [16, 1, 1, 1, 1]}, {""t"": 51, ""sizes"": [2, 1]}, {""t"": 101, ""sizes"": [2, 1]}, {""t"": 151, ""sizes"": [1]}, {""t"": 201, ""sizes"": [1]}, {""t"": 251, ""sizes"": [1, 1]}, {""t"": 301, ""sizes"": [1]}, {""t"": 351, ""sizes"": [2, 1]}, {""t"": 401, ""sizes"": [2, 1]}, {""t"": 451, ""sizes"": [1]}, {""t"": 501, ""sizes"": [1]}, {""t"": 551, ""sizes"": [1, 1]}, {""t"": 601, ""sizes"": [1]}, {""t"": 651, ""sizes"": [2, 1]}, {""t"": 701, ""sizes"": [2, 1]}, {""t"": 751, ""sizes"": [1]}, {""t"": 801, ""sizes"": [1]}, {""t"": 851, ""sizes"": [1, 1]}, {""t"": 901, ""sizes"": [1]}, {""t"": 951, ""sizes"": [2, 1]}]","[1, 1, 1, 1, 2, 1, 2, 1, 1, 1, 1, 1, 1, 2, 1]",Imitate
beta_3.50,ER_k4,ImitationStrategy,0.027777777777777787,0.0,0.027777777777777787,False,,1000,1000,"[{""t"": 1, ""sizes"": [18, 1]}, {""t"": 51, ""sizes"": [1, 1]}, {""t"": 101, ""sizes"": [1]}, {""t"": 151, ""sizes"": [1]}, {""t"": 201, ""sizes"": [1]}, {""t"": 251, ""sizes"": [1]}, {""t"": 301, ""sizes"": [1]}, {""t"": 351, ""sizes"": [1]}, {""t"": 401, ""sizes"": [1]}, {""t"": 451, ""sizes"": [1]}, {""t"": 501, ""sizes"": [1]}, {""t"": 551, ""sizes"": [1]}, {""t"": 601, ""sizes"": [1]}, {""t"": 651, ""sizes"": [1]}, {""t"": 701, ""sizes"": [1]}, {""t"": 751, ""sizes"": [1]}, {""t"": 801, ""sizes"": [1]}, {""t"": 851, ""sizes"": [1]}, {""t"": 901, ""sizes"": [1]}, {""t"": 951, ""sizes"": [1]}]","[1, 1, 1, 1, 1, 1, 1, 1, 1, 1]",Imitate
beta_3.50,ER_k4,ImitationStrategy,0.027777777777777787,0.0,0.027777777777777787,False,,1000,1000,"[{""t"": 1, ""sizes"": [13, 1, 1]}, {""t"": 51, ""sizes"": [1]}, {""t"": 101, ""sizes"": [1]}, {""t"": 151, ""sizes"": [1]}, {""t"": 201, ""sizes"": [1]}, {""t"": 251, ""sizes"": [1]}, {""t"": 301, ""sizes"": [1]}, {""t"": 351, ""sizes"": [1]}, {""t"": 401, ""sizes"": [1]}, {""t"": 451, ""sizes"": [1]}, {""t"": 501, ""sizes"": [1]}, {""t"": 551, ""sizes"": [1]}, {""t"": 601, ""sizes"": [1]}, {""t"": 651, ""sizes"": [1]}, {""t"": 701, ""sizes"": [1]}, {""t"": 751, ""sizes"": [1]}, {""t"": 801, ""sizes"": [1]}, {""t"": 851, ""sizes"": [1]}, {""t"": 901, ""sizes"": [1]}, {""t"": 951, ""sizes"": [1]}]","[1, 1, 1, 1, 1, 1, 1, 1, 1, 1]",Imitate
beta_3.50,ER_k4,ImitationStrategy,0.027777777777777787,0.0,0.027777777777777787,False,,1000,1000,"[{""t"": 1, ""sizes"": [13, 1, 1]}, {""t"": 51, ""sizes"": [1]}, {""t"": 101, ""sizes"": [1]}, {""t"": 151, ""sizes"": [1]}, {""t"": 201, ""sizes"": [1]}, {""t"": 251, ""sizes"": [1]}, {""t"": 301, ""sizes"": [1]}, {""t"": 351, ""sizes"": [1]}, {""t"": 401, ""sizes"": [1]}, {""t"": 451, ""sizes"": [1]}, {""t"": 501, ""sizes"": [1]}, {""t"": 551, ""sizes"": [1]}, {""t"": 601, ""sizes"": [1]}, {""t"": 651, ""sizes"": [1]}, {""t"": 701, ""sizes"": [1]}, {""t"": 751, ""sizes"": [1]}, {""t"": 801, ""sizes"": [1]}, {""t"": 851, ""sizes"": [1]}, {""t"": 901, ""sizes"": [1]}, {""t"": 951, ""sizes"": [1]}]","[1, 1, 1, 1, 1, 1, 1, 1, 1, 1]",Imitate
beta_3.50,WS_k4_p0.1,ImitationStrategy,0.2361111111111111,,,True,allD,2,2,"[{""t"": 1, ""sizes"": [12, 1, 4]}]",[],Imitate
beta_3.50,WS_k4_p0.1,ImitationStrategy,0.24920634920634918,,,True,allD,35,35,"[{""t"": 1, ""sizes"": [20, 1]}]",[],Imitate
beta_3.50,WS_k4_p0.1,ImitationStrategy,0.10256410256410255,,,True,allD,13,13,"[{""t"": 1, ""sizes"": [1, 1, 1, 5, 4, 1, 1]}]",[],Imitate
beta_3.50,WS_k4_p0.1,ImitationStrategy,0.2777777777777778,,,True,allD,2,2,"[{""t"": 1, ""sizes"": [5, 13, 2]}]",[],Imitate
beta_3.50,WS_k4_p0.1,ImitationStrategy,0.1642777777777778,1.8,0.10361111111111111,False,,1000,1000,"[{""t"": 1, ""sizes"": [22, 1]}, {""t"": 51, ""sizes"": [4, 3]}, {""t"": 101, ""sizes"": [4]}, {""t"": 151, ""sizes"": [4, 3]}, {""t"": 201, ""sizes"": [3]}, {""t"": 251, ""sizes"": [4]}, {""t"": 301, ""sizes"": [4, 3]}, {""t"": 351, ""sizes"": [4, 3]}, {""t"": 401, ""sizes"": [3, 3]}, {""t"": 451, ""sizes"": [3, 3]}, {""t"": 501, ""sizes"": [4, 3]}, {""t"": 551, ""sizes"": [4, 3]}, {""t"": 601, ""sizes"": [4, 3]}, {""t"": 651, ""sizes"": [4]}, {""t"": 701, ""sizes"": [4, 3]}, {""t"": 751, ""sizes"": [3]}, {""t"": 801, ""sizes"": [4]}, {""t"": 851, ""sizes"": [4, 3]}, {""t"": 901, ""sizes"": [4, 3]}, {""t"": 951, ""sizes"": [3, 3]}]","[4, 3, 4, 3, 4, 3, 4, 4, 3, 3, 4, 4, 3, 4, 3, 3, 3]",Imitate
beta_3.50,WS_k4_p0.1,ImitationStrategy,0.2361111111111111,,,True,allD,2,2,"[{""t"": 1, ""sizes"": [11, 1, 1, 4]}]",[],Imitate
beta_3.50,WS_k4_p0.1,ImitationStrategy,0.16666666666666666,,,True,allD,2,2,"[{""t"": 1, ""sizes"": [6, 1, 2, 3]}]",[],Imitate
beta_3.50,WS_k4_p0.1,ImitationStrategy,0.2222222222222222,,,True,allD,2,2,"[{""t"": 1, ""sizes"": [5, 2, 6, 3]}]",[],Imitate
beta_3.50,WS_k4_p0.1,ImitationStrategy,0.24145299145299148,,,True,allD,13,13,"[{""t"": 1, ""sizes"": [15, 3]}]",[],Imitate
beta_3.50,WS_k4_p0.1,ImitationStrategy,0.16111111111111112,,,True,allD,15,15,"[{""t"": 1, ""sizes"": [13, 1, 1, 1]}]",[],Imitate
beta_4.00,Grid_6x6,ImitationStrategy,0.2361111111111111,,,True,allD,2,2,"[{""t"": 1, ""sizes"": [13, 1, 2, 1]}]",[],Imitate
beta_4.00,Grid_6x6,ImitationStrategy,0.2200854700854702,,,True,allD,39,39,"[{""t"": 1, ""sizes"": [22]}]",[],Imitate
beta_4.00,Grid_6x6,ImitationStrategy,0.1444444444444444,,,True,allD,35,35,"[{""t"": 1, ""sizes"": [9, 5, 5, 1]}]",[],Imitate
beta_4.00,Grid_6x6,ImitationStrategy,0.19047619047619047,,,True,allD,14,14,"[{""t"": 1, ""sizes"": [1, 4, 14, 1]}]",[],Imitate
beta_4.00,Grid_6x6,ImitationStrategy,0.16333333333333333,,,True,allD,25,25,"[{""t"": 1, ""sizes"": [8, 4, 1, 2, 1, 1, 1, 1]}]",[],Imitate
beta_4.00,Grid_6x6,ImitationStrategy,0.19444444444444445,,,True,allD,2,2,"[{""t"": 1, ""sizes"": [2, 10, 1, 1]}]",[],Imitate
beta_4.00,Grid_6x6,ImitationStrategy,0.2799145299145299,,,True,allD,13,13,"[{""t"": 1, ""sizes"": [13, 3, 1, 1]}]",[],Imitate
beta_4.00,Grid_6x6,ImitationStrategy,0.20299145299145296,,,True,allD,13,13,"[{""t"": 1, ""sizes"": [8, 1, 8, 1, 1]}]",[],Imitate
beta_4.00,Grid_6x6,ImitationStrategy,0.11538461538461536,,,True,allD,13,13,"[{""t"": 1, ""sizes"": [1, 9, 1, 1, 1, 1, 1]}]",[],Imitate
beta_4.00,Grid_6x6,ImitationStrategy,0.25,,,True,allD,2,2,"[{""t"": 1, ""sizes"": [4, 1, 12, 1]}]",[],Imitate
beta_4.00,ER_k4,ImitationStrategy,0.11868686868686869,,,True,allD,33,33,"[{""t"": 1, ""sizes"": [13, 1, 1, 1, 1]}]",[],Imitate
beta_4.00,ER_k4,ImitationStrategy,0.21241830065359474,,,True,allD,34,34,"[{""t"": 1, ""sizes"": [23]}]",[],Imitate
beta_4.00,ER_k4,ImitationStrategy,0.12724014336917563,,,True,allD,31,31,"[{""t"": 1, ""sizes"": [13, 1, 1, 2, 1]}]",[],Imitate
beta_4.00,ER_k4,ImitationStrategy,0.05294444444444444,0.4,0.037833333333333344,False,,1000,1000,"[{""t"": 1, ""sizes"": [1, 17, 1]}, {""t"": 51, ""sizes"": [1]}, {""t"": 101, ""sizes"": [1]}, {""t"": 151, ""sizes"": [1]}, {""t"": 201, ""sizes"": [2, 1]}, {""t"": 251, ""sizes"": [1]}, {""t"": 301, ""sizes"": [2, 1]}, {""t"": 351, ""sizes"": [2, 1]}, {""t"": 401, ""sizes"": [2, 1]}, {""t"": 451, ""sizes"": [1, 1]}, {""t"": 501, ""sizes"": [1, 1]}, {""t"": 551, ""sizes"": [1]}, {""t"": 601, ""sizes"": [1]}, {""t"": 651, ""sizes"": [1]}, {""t"": 701, ""sizes"": [1]}, {""t"": 751, ""sizes"": [2, 1]}, {""t"": 801, ""sizes"": [1]}, {""t"": 851, ""sizes"": [2, 1]}, {""t"": 901, ""sizes"": [2, 1]}, {""t"": 951, ""sizes"": [2, 1]}]","[1, 1, 1, 1, 1, 1, 2, 1, 1, 2, 1, 2, 1, 2, 1]",Imitate
beta_4.00,ER_k4,ImitationStrategy,0.15873015873015872,,,True,allD,35,35,"[{""t"": 1, ""sizes"": [12, 2, 1]}]",[],Imitate
beta_4.00,ER_k4,ImitationStrategy,0.1590909090909091,,,True,allD,22,22,"[{""t"": 1, ""sizes"": [16]}]",[],Imitate
beta_4.00,ER_k4,ImitationStrategy,0.19444444444444445,,,True,allD,2,2,"[{""t"": 1, ""sizes"": [2, 7, 1, 3, 1]}]",[],Imitate
beta_4.00,ER_k4,ImitationStrategy,0.12903225806451613,,,True,allD,31,31,"[{""t"": 1, ""sizes"": [9, 1, 2, 1, 1]}]",[],Imitate
beta_4.00,ER_k4,ImitationStrategy,0.28205128205128205,,,True,allD,13,13,"[{""t"": 1, ""sizes"": [16, 1, 3]}]",[],Imitate
beta_4.00,ER_k4,ImitationStrategy,0.09505555555555555,0.6,0.04850000000000001,False,,1000,1000,"[{""t"": 1, ""sizes"": [18, 1, 1, 1]}, {""t"": 51, ""sizes"": [2, 2, 1]}, {""t"": 101, ""sizes"": [2, 1]}, {""t"": 151, ""sizes"": [2, 1, 1]}, {""t"": 201, ""sizes"": [2, 1]}, {""t"": 251, ""sizes"": [2, 1, 1]}, {""t"": 301, ""sizes"": [2, 1]}, {""t"": 351, ""sizes"": [1, 1]}, {""t"": 401, ""sizes"": [2, 1]}, {""t"": 451, ""sizes"": [2, 2, 1]}, {""t"": 501, ""sizes"": [2, 1]}, {""t"": 551, ""sizes"": [2, 2, 1]}, {""t"": 601, ""sizes"": [2, 1]}, {""t"": 651, ""sizes"": [1, 1]}, {""t"": 701, ""sizes"": [1, 1]}, {""t"": 751, ""sizes"": [2, 2, 1]}, {""t"": 801, ""sizes"": [1, 1]}, {""t"": 851, ""sizes"": [2, 2, 1]}, {""t"": 901, ""sizes"": [1]}, {""t"": 951, ""sizes"": [2, 1, 1]}]","[2, 1, 2, 2, 1, 2, 1, 1, 1, 1, 1, 2, 2, 1, 1, 1, 2, 2, 1, 1, 2, 1, 1]",Imitate
beta_4.00,WS_k4_p0.1,ImitationStrategy,0.36538461538461536,,,True,allD,13,13,"[{""t"": 1, ""sizes"": [22]}]",[],Imitate
beta_4.00,WS_k4_p0.1,ImitationStrategy,0.19444444444444445,,,True,allD,2,2,"[{""t"": 1, ""sizes"": [2, 2, 3, 3, 1, 1, 2]}]",[],Imitate
beta_4.00,WS_k4_p0.1,ImitationStrategy,0.2638888888888889,,,True,allD,2,2,"[{""t"": 1, ""sizes"": [6, 4, 2, 7]}]",[],Imitate
beta_4.00,WS_k4_p0.1,ImitationStrategy,0.1652046783625731,,,True,allD,19,19,"[{""t"": 1, ""sizes"": [12, 1, 1, 5, 1]}]",[],Imitate
beta_4.00,WS_k4_p0.1,ImitationStrategy,0.19320987654320987,,,True,allD,45,45,"[{""t"": 1, ""sizes"": [17, 1, 1]}]",[],Imitate
beta_4.00,WS_k4_p0.1,ImitationStrategy,0.25,,,True,allD,2,2,"[{""t"": 1, ""sizes"": [1, 4, 4, 9]}]",[],Imitate
beta_4.00,WS_k4_p0.1,ImitationStrategy,0.1875,,,True,allD,24,24,"[{""t"": 1, ""sizes"": [9, 1, 4, 1, 1]}]",[],Imitate
beta_4.00,WS_k4_p0.1,ImitationStrategy,0.12905555555555553,0.0,0.12905555555555553,False,,1000,1000,"[{""t"": 1, ""sizes"": [14, 6, 1, 1]}, {""t"": 51, ""sizes"": [13, 6]}, {""t"": 101, ""sizes"": [1, 4]}, {""t"": 151, ""sizes"": [12, 6]}, {""t"": 201, ""sizes"": [1, 3, 4]}, {""t"": 251, ""sizes"": [5]}, {""t"": 301, ""sizes"": [1]}, {""t"": 351, ""sizes"": [5]}, {""t"": 401, ""sizes"": [3]}, {""t"": 451, ""sizes"": [5]}, {""t"": 501, ""sizes"": [6]}, {""t"": 551, ""sizes"": [6]}, {""t"": 601, ""sizes"": [6]}, {""t"": 651, ""sizes"": [4]}, {""t"": 701, ""sizes"": [6]}, {""t"": 751, ""sizes"": [4]}, {""t"": 801, ""sizes"": [5]}, {""t"": 851, ""sizes"": [1]}, {""t"": 901, ""sizes"": [5]}, {""t"": 951, ""sizes"": [3]}]","[6, 6, 6, 4, 6, 4, 5, 1, 5, 3]",Imitate
beta_4.00,WS_k4_p0.1,ImitationStrategy,0.19722222222222216,1.1333333333333333,0.15166666666666662,False,,1000,1000,"[{""t"": 1, ""sizes"": [21]}, {""t"": 51, ""sizes"": [2, 6, 1]}, {""t"": 101, ""sizes"": [5]}, {""t"": 151, ""sizes"": [1, 6]}, {""t"": 201, ""sizes"": [2]}, {""t"": 251, ""sizes"": [2, 6]}, {""t"": 301, ""sizes"": [2, 1, 6]}, {""t"": 351, ""sizes"": [6]}, {""t"": 401, ""sizes"": [2, 6]}, {""t"": 451, ""sizes"": [2, 6]}, {""t"": 501, ""sizes"": [2, 2, 6]}, {""t"": 551, ""sizes"": [1, 5]}, {""t"": 601, ""sizes"": [2, 6, 1]}, {""t"": 651, ""sizes"": [5]}, {""t"": 701, ""sizes"": [1, 6]}, {""t"": 751, ""sizes"": [2]}, {""t"": 801, ""sizes"": [2, 6]}, {""t"": 851, ""sizes"": [2, 1, 6]}, {""t"": 901, ""sizes"": [6]}, {""t"": 951, ""sizes"": [2, 6]}]","[2, 2, 6, 1, 5, 2, 6, 1, 5, 1, 6, 2, 2, 6, 2, 1, 6, 6, 2, 6]",Imitate
beta_4.00,WS_k4_p0.1,ImitationStrategy,0.25,,,True,allD,2,2,"[{""t"": 1, ""sizes"": [3, 6, 1, 8]}]",[],Imitate
beta_4.50,Grid_6x6,ImitationStrategy,0.19122383252818037,,,True,allD,69,69,"[{""t"": 1, ""sizes"": [14, 3, 4]}, {""t"": 51, ""sizes"": [2, 1]}]",[],Imitate
beta_4.50,Grid_6x6,ImitationStrategy,0.2222222222222222,,,True,allD,2,2,"[{""t"": 1, ""sizes"": [7, 2, 2, 5]}]",[],Imitate
beta_4.50,Grid_6x6,ImitationStrategy,0.18055555555555555,,,True,allD,2,2,"[{""t"": 1, ""sizes"": [8, 1, 2, 1, 1]}]",[],Imitate
beta_4.50,Grid_6x6,ImitationStrategy,0.20833333333333334,,,True,allD,2,2,"[{""t"": 1, ""sizes"": [3, 3, 1, 2, 3, 3]}]",[],Imitate
beta_4.50,Grid_6x6,ImitationStrategy,0.16666666666666663,,,True,allD,36,36,"[{""t"": 1, ""sizes"": [2, 1, 9, 3]}]",[],Imitate
beta_4.50,Grid_6x6,ImitationStrategy,0.12847222222222224,,,True,allD,24,24,"[{""t"": 1, ""sizes"": [9, 2, 2, 1, 1]}]",[],Imitate
beta_4.50,Grid_6x6,ImitationStrategy,0.08072222222222221,0.6,0.06305555555555556,False,,1000,1000,"[{""t"": 1, ""sizes"": [1, 1, 1, 3, 6, 2, 1]}, {""t"": 51, ""sizes"": [2, 1]}, {""t"": 101, ""sizes"": [1]}, {""t"": 151, ""sizes"": [1, 3]}, {""t"": 201, ""sizes"": [2]}, {""t"": 251, ""sizes"": [1, 1]}, {""t"": 301, ""sizes"": [3]}, {""t"": 351, ""sizes"": [1]}, {""t"": 401, ""sizes"": [3, 2]}, {""t"": 451, ""sizes"": [3]}, {""t"": 501, ""sizes"": [3]}, {""t"": 551, ""sizes"": [3, 2]}, {""t"": 601, ""sizes"": [2, 1]}, {""t"": 651, ""sizes"": [1]}, {""t"": 701, ""sizes"": [1, 3]}, {""t"": 751, ""sizes"": [2]}, {""t"": 801, ""sizes"": [1, 1]}, {""t"": 851, ""sizes"": [3]}, {""t"": 901, ""sizes"": [1]}, {""t"": 951, ""sizes"": [3, 2]}]","[3, 3, 2, 2, 1, 1, 1, 3, 2, 1, 1, 3, 1, 3, 2]",Imitate
beta_4.50,Grid_6x6,ImitationStrategy,0.18557919621749408,,,True,allD,47,47,"[{""t"": 1, ""sizes"": [5, 1, 13]}]",[],Imitate
beta_4.50,Grid_6x6,ImitationStrategy,0.2361111111111111,,,True,allD,2,2,"[{""t"": 1, ""sizes"": [1, 12, 2, 2]}]",[],Imitate
beta_4.50,Grid_6x6,ImitationStrategy,0.1597222222222222,,,True,allD,32,32,"[{""t"": 1, ""sizes"": [1, 1, 4, 14]}]",[],Imitate
beta_4.50,ER_k4,ImitationStrategy,0.2564102564102564,,,True,allD,13,13,"[{""t"": 1, ""sizes"": [19]}]",[],Imitate
beta_4.50,ER_k4,ImitationStrategy,0.16666666666666666,,,True,allD,2,2,"[{""t"": 1, ""sizes"": [11, 1]}]",[],Imitate
beta_4.50,ER_k4,ImitationStrategy,0.027777777777777787,0.0,0.027777777777777787,False,,1000,1000,"[{""t"": 1, ""sizes"": [21, 1]}, {""t"": 51, ""sizes"": [1]}, {""t"": 101, ""sizes"": [1]}, {""t"": 151, ""sizes"": [1]}, {""t"": 201, ""sizes"": [1]}, {""t"": 251, ""sizes"": [1]}, {""t"": 301, ""sizes"": [1]}, {""t"": 351, ""sizes"": [1]}, {""t"": 401, ""sizes"": [1]}, {""t"": 451, ""sizes"": [1]}, {""t"": 501, ""sizes"": [1]}, {""t"": 551, ""sizes"": [1]}, {""t"": 601, ""sizes"": [1]}, {""t"": 651, ""sizes"": [1]}, {""t"": 701, ""sizes"": [1]}, {""t"": 751, ""sizes"": [1]}, {""t"": 801, ""sizes"": [1]}, {""t"": 851, ""sizes"": [1]}, {""t"": 901, ""sizes"": [1]}, {""t"": 951, ""sizes"": [1]}]","[1, 1, 1, 1, 1, 1, 1, 1, 1, 1]",Imitate
beta_4.50,ER_k4,ImitationStrategy,0.2222222222222222,,,True,allD,2,2,"[{""t"": 1, ""sizes"": [12, 1, 1, 1, 1]}]",[],Imitate
beta_4.50,ER_k4,ImitationStrategy,0.027777777777777787,0.0,0.027777777777777787,False,,1000,1000,"[{""t"": 1, ""sizes"": [1, 8, 7, 1, 1, 1, 1]}, {""t"": 51, ""sizes"": [1]}, {""t"": 101, ""sizes"": [1]}, {""t"": 151, ""sizes"": [1]}, {""t"": 201, ""sizes"": [1]}, {""t"": 251, ""sizes"": [1]}, {""t"": 301, ""sizes"": [1]}, {""t"": 351, ""sizes"": [1]}, {""t"": 401, ""sizes"": [1]}, {""t"": 451, ""sizes"": [1]}, {""t"": 501, ""sizes"": [1]}, {""t"": 551, ""sizes"": [1]}, {""t"": 601, ""sizes"": [1]}, {""t"": 651, ""sizes"": [1]}, {""t"": 701, ""sizes"": [1]}, {""t"": 751, ""sizes"": [1]}, {""t"": 801, ""sizes"": [1]}, {""t"": 851, ""sizes"": [1]}, {""t"": 901, ""sizes"": [1]}, {""t"": 951, ""sizes"": [1]}]","[1, 1, 1, 1, 1, 1, 1, 1, 1, 1]",Imitate
beta_4.50,ER_k4,ImitationStrategy,0.125,,,True,allD,2,2,"[{""t"": 1, ""sizes"": [3, 1, 1, 4]}]",[],Imitate
beta_4.50,ER_k4,ImitationStrategy,0.23905723905723908,,,True,allD,33,33,"[{""t"": 1, ""sizes"": [23]}]",[],Imitate
beta_4.50,ER_k4,ImitationStrategy,0.027777777777777787,0.0,0.027777777777777787,False,,1000,1000,"[{""t"": 1, ""sizes"": [14, 1, 1]}, {""t"": 51, ""sizes"": [1, 1]}, {""t"": 101, ""sizes"": [1]}, {""t"": 151, ""sizes"": [1]}, {""t"": 201, ""sizes"": [1]}, {""t"": 251, ""sizes"": [1]}, {""t"": 301, ""sizes"": [1]}, {""t"": 351, ""sizes"": [1]}, {""t"": 401, ""sizes"": [1]}, {""t"": 451, ""sizes"": [1]}, {""t"": 501, ""sizes"": [1]}, {""t"": 551, ""sizes"": [1]}, {""t"": 601, ""sizes"": [1]}, {""t"": 651, ""sizes"": [1]}, {""t"": 701, ""sizes"": [1]}, {""t"": 751, ""sizes"": [1]}, {""t"": 801, ""sizes"": [1]}, {""t"": 851, ""sizes"": [1]}, {""t"": 901, ""sizes"": [1]}, {""t"": 951, ""sizes"": [1]}]","[1, 1, 1, 1, 1, 1, 1, 1, 1, 1]",Imitate
beta_4.50,ER_k4,ImitationStrategy,0.1388888888888889,,,True,allD,2,2,"[{""t"": 1, ""sizes"": [4, 3, 1, 1, 1]}]",[],Imitate
beta_4.50,ER_k4,ImitationStrategy,0.05555555555555557,0.0,0.027777777777777787,False,,1000,1000,"[{""t"": 1, ""sizes"": [1, 14, 1, 1]}, {""t"": 51, ""sizes"": [1, 1]}, {""t"": 101, ""sizes"": [1, 1]}, {""t"": 151, ""sizes"": [1, 1]}, {""t"": 201, ""sizes"": [1, 1]}, {""t"": 251, ""sizes"": [1, 1]}, {""t"": 301, ""sizes"": [1, 1]}, {""t"": 351, ""sizes"": [1, 1]}, {""t"": 401, ""sizes"": [1, 1]}, {""t"": 451, ""sizes"": [1, 1]}, {""t"": 501, ""sizes"": [1, 1]}, {""t"": 551, ""sizes"": [1, 1]}, {""t"": 601, ""sizes"": [1, 1]}, {""t"": 651, ""sizes"": [1, 1]}, {""t"": 701, ""sizes"": [1, 1]}, {""t"": 751, ""sizes"": [1, 1]}, {""t"": 801, ""sizes"": [1, 1]}, {""t"": 851, ""sizes"": [1, 1]}, {""t"": 901, ""sizes"": [1, 1]}, {""t"": 951, ""sizes"": [1, 1]}]","[1, 1, 1, 1, 1, 1, 1, 1, 1, 1, 1, 1, 1, 1, 1, 1, 1, 1, 1, 1]",Imitate
beta_4.50,WS_k4_p0.1,ImitationStrategy,0.23671497584541057,,,True,allD,23,23,"[{""t"": 1, ""sizes"": [22]}]",[],Imitate
beta_4.50,WS_k4_p0.1,ImitationStrategy,0.2361111111111111,,,True,allD,2,2,"[{""t"": 1, ""sizes"": [14, 1, 1, 1]}]",[],Imitate
beta_4.50,WS_k4_p0.1,ImitationStrategy,0.22755555555555554,1.8,0.10355555555555557,False,,1000,1000,"[{""t"": 1, ""sizes"": [12, 1, 8]}, {""t"": 51, ""sizes"": [4, 3, 3]}, {""t"": 101, ""sizes"": [4]}, {""t"": 151, ""sizes"": [4, 3, 3]}, {""t"": 201, ""sizes"": [4, 3, 3]}, {""t"": 251, ""sizes"": [4, 3, 3]}, {""t"": 301, ""sizes"": [3, 3, 3]}, {""t"": 351, ""sizes"": [3, 3]}, {""t"": 401, ""sizes"": [3, 3]}, {""t"": 451, ""sizes"": [4, 1, 3]}, {""t"": 501, ""sizes"": [4, 3, 3]}, {""t"": 551, ""sizes"": [4, 3]}, {""t"": 601, ""sizes"": [4, 3, 3]}, {""t"": 651, ""sizes"": [4]}, {""t"": 701, ""sizes"": [4, 3, 3]}, {""t"": 751, ""sizes"": [4, 3, 3]}, {""t"": 801, ""sizes"": [4, 3, 3]}, {""t"": 851, ""sizes"": [3, 3, 3]}, {""t"": 901, ""sizes"": [3, 3]}, {""t"": 951, ""sizes"": [3, 3]}]","[4, 3, 3, 4, 3, 4, 3, 3, 4, 4, 3, 3, 4, 3, 3, 4, 3, 3, 3, 3, 3, 3, 3, 3, 3]",Imitate
beta_4.50,WS_k4_p0.1,ImitationStrategy,0.2638888888888889,,,True,allD,2,2,"[{""t"": 1, ""sizes"": [2, 13, 1, 3]}]",[],Imitate
beta_4.50,WS_k4_p0.1,ImitationStrategy,0.21794871794871792,,,True,allD,13,13,"[{""t"": 1, ""sizes"": [4, 11, 1, 1]}]",[],Imitate
beta_4.50,WS_k4_p0.1,ImitationStrategy,0.15422222222222223,1.1,0.09861111111111111,False,,1000,1000,"[{""t"": 1, ""sizes"": [16, 3]}, {""t"": 51, ""sizes"": [4, 2]}, {""t"": 101, ""sizes"": [3, 3]}, {""t"": 151, ""sizes"": [4]}, {""t"": 201, ""sizes"": [3]}, {""t"": 251, ""sizes"": [4, 3]}, {""t"": 301, ""sizes"": [3, 3]}, {""t"": 351, ""sizes"": [4, 3]}, {""t"": 401, ""sizes"": [3, 3]}, {""t"": 451, ""sizes"": [2, 3]}, {""t"": 501, ""sizes"": [4, 3]}, {""t"": 551, ""sizes"": [4]}, {""t"": 601, ""sizes"": [4, 2]}, {""t"": 651, ""sizes"": [3, 3]}, {""t"": 701, ""sizes"": [4]}, {""t"": 751, ""sizes"": [3]}, {""t"": 801, ""sizes"": [4, 3]}, {""t"": 851, ""sizes"": [3, 3]}, {""t"": 901, ""sizes"": [4, 3]}, {""t"": 951, ""sizes"": [3, 3]}]","[4, 3, 4, 4, 2, 3, 3, 4, 3, 4, 3, 3, 3, 4, 3, 3, 3]",Imitate
beta_4.50,WS_k4_p0.1,ImitationStrategy,0.18055555555555555,,,True,allD,2,2,"[{""t"": 1, ""sizes"": [6, 2, 1, 2, 1, 1]}]",[],Imitate
beta_4.50,WS_k4_p0.1,ImitationStrategy,0.2638888888888889,,,True,allD,2,2,"[{""t"": 1, ""sizes"": [10, 6, 1, 1, 1]}]",[],Imitate
beta_4.50,WS_k4_p0.1,ImitationStrategy,0.24755555555555556,1.7142857142857142,0.12638888888888888,False,,1000,1000,"[{""t"": 1, ""sizes"": [13, 2, 1, 2, 2]}, {""t"": 51, ""sizes"": [5, 2, 2]}, {""t"": 101, ""sizes"": [3, 3]}, {""t"": 151, ""sizes"": [3, 5, 2, 2]}, {""t"": 201, ""sizes"": [3, 4, 2, 2]}, {""t"": 251, ""sizes"": [3, 5]}, {""t"": 301, ""sizes"": [3]}, {""t"": 351, ""sizes"": [3, 5, 2, 2]}, {""t"": 401, ""sizes"": [3, 5, 2, 2]}, {""t"": 451, ""sizes"": [3, 5]}, {""t"": 501, ""sizes"": [5]}, {""t"": 551, ""sizes"": [3, 5, 2, 2]}, {""t"": 601, ""sizes"": [5, 2, 2]}, {""t"": 651, ""sizes"": [3, 3]}, {""t"": 701, ""sizes"": [3, 5, 2, 2]}, {""t"": 751, ""sizes"": [3, 4, 2, 2]}, {""t"": 801, ""sizes"": [3, 5]}, {""t"": 851, ""sizes"": [3]}, {""t"": 901, ""sizes"": [3, 5, 2, 2]}, {""t"": 951, ""sizes"": [3, 5, 2, 2]}]","[5, 3, 5, 2, 2, 5, 2, 2, 3, 3, 3, 5, 2, 2, 3, 4, 2, 2, 3, 5, 3, 3, 5, 2, 2, 3, 5, 2, 2]",Imitate
beta_4.50,WS_k4_p0.1,ImitationStrategy,0.1395719489981785,,,True,allD,122,122,"[{""t"": 1, ""sizes"": [8, 1, 9, 1]}, {""t"": 51, ""sizes"": [4]}, {""t"": 101, ""sizes"": [1]}]",[],Imitate
beta_5.00,Grid_6x6,ImitationStrategy,0.21333333333333332,,,True,allD,25,25,"[{""t"": 1, ""sizes"": [1, 14, 1, 3]}]",[],Imitate
beta_5.00,Grid_6x6,ImitationStrategy,0.15167548500881833,,,True,allD,126,126,"[{""t"": 1, ""sizes"": [11, 4, 4, 2]}, {""t"": 51, ""sizes"": [1, 2]}, {""t"": 101, ""sizes"": [1]}]",[],Imitate
beta_5.00,Grid_6x6,ImitationStrategy,0.2,,,True,allD,25,25,"[{""t"": 1, ""sizes"": [13, 1, 1, 3]}]",[],Imitate
beta_5.00,Grid_6x6,ImitationStrategy,0.1901709401709402,,,True,allD,13,13,"[{""t"": 1, ""sizes"": [1, 1, 5, 7, 1, 1]}]",[],Imitate
beta_5.00,Grid_6x6,ImitationStrategy,0.20833333333333334,,,True,allD,2,2,"[{""t"": 1, ""sizes"": [1, 1, 4, 1, 2, 1, 1, 3, 1]}]",[],Imitate
beta_5.00,Grid_6x6,ImitationStrategy,0.2037037037037037,,,True,allD,24,24,"[{""t"": 1, ""sizes"": [4, 7, 1, 5]}]",[],Imitate
beta_5.00,Grid_6x6,ImitationStrategy,0.2927350427350427,,,True,allD,13,13,"[{""t"": 1, ""sizes"": [19, 1]}]",[],Imitate
beta_5.00,Grid_6x6,ImitationStrategy,0.31038647342995174,,,True,allD,46,46,"[{""t"": 1, ""sizes"": [6, 2, 8, 2]}]",[],Imitate
beta_5.00,Grid_6x6,ImitationStrategy,0.21201814058956917,,,True,allD,49,49,"[{""t"": 1, ""sizes"": [20, 4]}]",[],Imitate
beta_5.00,Grid_6x6,ImitationStrategy,0.13645224171539963,,,True,allD,57,57,"[{""t"": 1, ""sizes"": [14, 3, 1]}, {""t"": 51, ""sizes"": [2]}]",[],Imitate
beta_5.00,ER_k4,ImitationStrategy,0.1527777777777778,,,True,allD,2,2,"[{""t"": 1, ""sizes"": [2, 1, 1, 3, 1, 2, 1]}]",[],Imitate
beta_5.00,ER_k4,ImitationStrategy,0.23504273504273507,,,True,allD,13,13,"[{""t"": 1, ""sizes"": [15, 1, 3]}]",[],Imitate
beta_5.00,ER_k4,ImitationStrategy,0.3717948717948717,,,True,allD,13,13,"[{""t"": 1, ""sizes"": [20, 1]}]",[],Imitate
beta_5.00,ER_k4,ImitationStrategy,0.18803418803418806,,,True,allD,13,13,"[{""t"": 1, ""sizes"": [15, 1]}]",[],Imitate
beta_5.00,ER_k4,ImitationStrategy,0.20940170940170943,,,True,allD,13,13,"[{""t"": 1, ""sizes"": [17, 1, 1, 1, 1, 1]}]",[],Imitate
beta_5.00,ER_k4,ImitationStrategy,0.13101160862354894,,,True,allD,67,67,"[{""t"": 1, ""sizes"": [2, 13, 1, 1, 1]}, {""t"": 51, ""sizes"": [2, 3]}]",[],Imitate
beta_5.00,ER_k4,ImitationStrategy,0.18055555555555555,,,True,allD,2,2,"[{""t"": 1, ""sizes"": [1, 7, 2, 1, 1, 1]}]",[],Imitate
beta_5.00,ER_k4,ImitationStrategy,0.1184640522875817,,,True,allD,34,34,"[{""t"": 1, ""sizes"": [3, 11, 1, 1, 1]}]",[],Imitate
beta_5.00,ER_k4,ImitationStrategy,0.17777777777777778,,,True,allD,25,25,"[{""t"": 1, ""sizes"": [15]}]",[],Imitate
beta_5.00,ER_k4,ImitationStrategy,0.027777777777777787,0.0,0.027777777777777787,False,,1000,1000,"[{""t"": 1, ""sizes"": [17, 1, 1]}, {""t"": 51, ""sizes"": [1, 2]}, {""t"": 101, ""sizes"": [1]}, {""t"": 151, ""sizes"": [1]}, {""t"": 201, ""sizes"": [1]}, {""t"": 251, ""sizes"": [1]}, {""t"": 301, ""sizes"": [1]}, {""t"": 351, ""sizes"": [1]}, {""t"": 401, ""sizes"": [1]}, {""t"": 451, ""sizes"": [1]}, {""t"": 501, ""sizes"": [1]}, {""t"": 551, ""sizes"": [1]}, {""t"": 601, ""sizes"": [1]}, {""t"": 651, ""sizes"": [1]}, {""t"": 701, ""sizes"": [1]}, {""t"": 751, ""sizes"": [1]}, {""t"": 801, ""sizes"": [1]}, {""t"": 851, ""sizes"": [1]}, {""t"": 901, ""sizes"": [1]}, {""t"": 951, ""sizes"": [1]}]","[1, 1, 1, 1, 1, 1, 1, 1, 1, 1]",Imitate
beta_5.00,WS_k4_p0.1,ImitationStrategy,0.2777777777777778,,,True,allD,2,2,"[{""t"": 1, ""sizes"": [15, 4, 1]}]",[],Imitate
beta_5.00,WS_k4_p0.1,ImitationStrategy,0.16464646464646465,,,True,allD,55,55,"[{""t"": 1, ""sizes"": [1, 3, 1, 13]}, {""t"": 51, ""sizes"": [3, 2]}]",[],Imitate
beta_5.00,WS_k4_p0.1,ImitationStrategy,0.17105263157894737,,,True,allD,19,19,"[{""t"": 1, ""sizes"": [8, 1, 5, 4]}]",[],Imitate
beta_5.00,WS_k4_p0.1,ImitationStrategy,0.20833333333333334,,,True,allD,2,2,"[{""t"": 1, ""sizes"": [3, 1, 2, 6, 1, 2]}]",[],Imitate
beta_5.00,WS_k4_p0.1,ImitationStrategy,0.2542735042735043,,,True,allD,13,13,"[{""t"": 1, ""sizes"": [3, 9, 7]}]",[],Imitate
beta_5.00,WS_k4_p0.1,ImitationStrategy,0.21367521367521367,,,True,allD,13,13,"[{""t"": 1, ""sizes"": [13, 1, 2, 1]}]",[],Imitate
beta_5.00,WS_k4_p0.1,ImitationStrategy,0.25,,,True,allD,2,2,"[{""t"": 1, ""sizes"": [18]}]",[],Imitate
beta_5.00,WS_k4_p0.1,ImitationStrategy,0.2222222222222222,,,True,allD,2,2,"[{""t"": 1, ""sizes"": [11, 2, 3]}]",[],Imitate
beta_5.00,WS_k4_p0.1,ImitationStrategy,0.2222222222222222,,,True,allD,2,2,"[{""t"": 1, ""sizes"": [4, 3, 7, 2]}]",[],Imitate
beta_5.00,WS_k4_p0.1,ImitationStrategy,0.20833333333333334,,,True,allD,2,2,"[{""t"": 1, ""sizes"": [3, 3, 5, 2, 1, 1]}]",[],Imitate
